,tesla_model_3 (1),tesla_model_3 (2),tesla_model_3 (3),tesla_model_3 (4),vw_id3_pro (1),vw_id3_pro (2),vw_id3_pro (3),vw_id3_pro (4),vw_id7 (1),vw_id7 (2),vw_id7 (3),vw_id7 (4),bmw_i4_m50 (1),bmw_i4_m50 (2),bmw_i4_m50 (3),bmw_i4_m50 (4),benz_eqe_300 (1),benz_eqe_300 (2),benz_eqe_300 (3),benz_eqe_300 (4)
2023-03-01 00:00:00,0.0,0.0,0.0,0.0,0.0,0.0,0.0,0.0,0.0,0.0,0.0,0.0,0.0,0.0,0.0,0.0,0.0,0.0,0.0,0.0
2023-03-01 01:00:00,0.0,0.0,0.0,0.0,0.0,0.0,0.0,0.0,0.0,0.0,0.0,0.0,0.0,0.0,0.0,0.0,0.0,0.0,0.0,0.0
2023-03-01 02:00:00,0.0,0.0,0.0,0.0,0.0,0.0,0.0,0.0,0.0,0.0,0.0,0.0,0.0,0.0,0.0,0.0,0.0,0.0,0.0,0.0
2023-03-01 03:00:00,0.0,0.0,0.0,0.0,0.0,0.0,0.0,0.0,0.0,0.0,0.0,0.0,0.0,0.0,0.0,0.0,0.0,0.0,0.0,0.0
2023-03-01 04:00:00,0.0,0.0,0.0,0.0,0.0,0.0,0.0,0.0,0.0,0.0,0.0,0.0,0.0,0.0,0.0,0.0,0.0,0.0,0.0,0.0
2023-03-01 05:00:00,0.0,0.0,0.0,0.0,0.0,0.0,0.0,0.0,0.0,0.0,0.0,0.0,0.0,0.0,0.0,0.0,0.0,0.0,0.0,0.0
2023-03-01 06:00:00,0.0,0.0,0.0,0.0,0.0,0.0,0.002198955124013431,0.0,0.0024144326924536016,0.0,0.0,0.002989351659518582,0.0,0.003361936051672086,0.0,0.0028395618698765944,0.0,0.0,0.0033285698406822026,0.0
2023-03-01 07:00:00,0.002481321959168943,0.0,0.0,0.0025811315303171213,0.0020479742779492046,0.0025439380329548267,0.0,0.003600460653650917,0.0,0.0,0.0,0.0,0.0,0.0,0.0,0.0,0.0,0.0,0.0,0.0
2023-03-01 08:00:00,0.0,0.002569452664019568,0.002300896799812952,0.0,0.0,0.0,0.0,0.0,0.0,0.0,0.0,0.0,0.0,0.0,0.0033799905187042547,0.0,0.0029422105553066906,0.0024351338558465745,0.0,0.0018179058568525016
2023-03-01 09:00:00,0.0,0.0,0.0,0.0,0.0,0.0,0.0,0.0,0.0,0.0029873279808659533,0.0016400759075865742,0.0,0.0,0.0,0.0,0.0,0.0,0.0,0.0,0.0
2023-03-01 10:00:00,0.0,0.0,0.0,0.0,0.0,0.0,0.0,0.0,0.0,0.0,0.0,0.0,0.0,0.0,0.0,0.0,0.0,0.0,0.0,0.0
2023-03-01 11:00:00,0.0,0.0,0.0,0.0,0.0,0.0,0.0,0.0,0.0,0.0,0.0,0.0,0.0,0.0,0.0,0.0,0.0,0.0,0.0,0.0
2023-03-01 12:00:00,0.0,0.0,0.0,0.0,0.0,0.0,0.0,0.0,0.0,0.0,0.0,0.0,0.0,0.0,0.0,0.0,0.0,0.0,0.0,0.0
2023-03-01 13:00:00,0.0,0.0,0.0,0.0,0.0,0.0,0.0,0.0,0.0,0.0,0.0,0.0,0.0,0.0,0.0,0.0,0.0,0.0,0.0,0.0
2023-03-01 14:00:00,0.0,0.0,0.0,0.0,0.0,0.0,0.0,0.0,0.0,0.0,0.0,0.0,0.0,0.0,0.0,0.0,0.0,0.0,0.0,0.0
2023-03-01 15:00:00,0.0,0.0,0.0,0.0,0.0,0.0,0.0,0.0,0.0,0.0,0.0,0.0,0.0,0.0,0.0,0.0,0.0,0.0,0.0,0.0
2023-03-01 16:00:00,0.0,0.0,0.0,0.004703049916273805,0.003321029530152492,0.0,0.003307670083050328,0.0050303994444088765,0.003637532411249723,0.0,0.0,0.004196597225015531,0.0,0.0,0.0,0.0,0.004458532200499223,0.003806139950729556,0.0,0.0
2023-03-01 17:00:00,0.0,0.004189575332641415,0.0,0.0,0.0,0.0,0.0,0.0,0.0,0.004634821451993423,0.0025964750523635375,0.0,0.0,0.0,0.0,0.0,0.0,0.0,0.0,0.0
2023-03-01 18:00:00,0.0038182427446484704,0.0,0.004100322107730344,0.0,0.0,0.0035871660476603424,0.0,0.0,0.0,0.0,0.0,0.0,0.0,0.0045338057559491385,0.00561551276188642,0.004197943817304937,0.0,0.0,0.004170723270214328,0.003186594617857393
2023-03-01 19:00:00,0.0,0.0,0.0,0.0,0.0,0.0,0.0,0.0,0.0,0.0,0.0,0.0,0.0,0.0,0.0,0.0,0.0,0.0,0.0,0.0
2023-03-01 20:00:00,0.0,0.0,0.0,0.0,0.0,0.0,0.0,0.0,0.0,0.0,0.0,0.0,0.0,0.0,0.0,0.0,0.0,0.0,0.0,0.0
2023-03-01 21:00:00,0.0,0.0,0.0,0.0,0.0,0.0,0.0,0.0,0.0,0.0,0.0,0.0,0.0,0.0,0.0,0.0,0.0,0.0,0.0,0.0
2023-03-01 22:00:00,0.0,0.0,0.0,0.0,0.0,0.0,0.0,0.0,0.0,0.0,0.0,0.0,0.0,0.0,0.0,0.0,0.0,0.0,0.0,0.0
2023-03-01 23:00:00,0.0,0.0,0.0,0.0,0.0,0.0,0.0,0.0,0.0,0.0,0.0,0.0,0.0,0.0,0.0,0.0,0.0,0.0,0.0,0.0
2023-03-02 00:00:00,0.0,0.0,0.0,0.0,0.0,0.0,0.0,0.0,0.0,0.0,0.0,0.0,0.0,0.0,0.0,0.0,0.0,0.0,0.0,0.0
2023-03-02 01:00:00,0.0,0.0,0.0,0.0,0.0,0.0,0.0,0.0,0.0,0.0,0.0,0.0,0.0,0.0,0.0,0.0,0.0,0.0,0.0,0.0
2023-03-02 02:00:00,0.0,0.0,0.0,0.0,0.0,0.0,0.0,0.0,0.0,0.0,0.0,0.0,0.0,0.0,0.0,0.0,0.0,0.0,0.0,0.0
2023-03-02 03:00:00,0.0,0.0,0.0,0.0,0.0,0.0,0.0,0.0,0.0,0.0,0.0,0.0,0.0,0.0,0.0,0.0,0.0,0.0,0.0,0.0
2023-03-02 04:00:00,0.0,0.0,0.0,0.0,0.0,0.0,0.0,0.0,0.0,0.0,0.0,0.0,0.0,0.0,0.0,0.0,0.0,0.0,0.0,0.0
2023-03-02 05:00:00,0.0,0.0,0.0,0.0,0.0,0.0,0.0,0.0,0.0,0.0,0.0,0.0,0.0,0.0,0.0,0.0,0.0,0.0,0.0,0.0
2023-03-02 06:00:00,0.0,0.0,0.0,0.0,0.0,0.0,0.0,0.0,0.0,0.0,0.0021757695794963543,0.0,0.0,0.0,0.003915833582068626,0.0,0.0,0.0,0.0028813538879168066,0.002661196559492603
2023-03-02 07:00:00,0.0,0.0024053400009963312,0.0,0.0,0.0,0.0,0.0,0.0,0.002511227242269359,0.0022088185248274623,0.0,0.0,0.0,0.0,0.0,0.0,0.0,0.0031198591563653694,0.0,0.0
2023-03-02 08:00:00,0.002201662136951261,0.0,0.0,0.002142595921477417,0.0021637419116898714,0.001955689587508742,0.0,0.0,0.0,0.0,0.0,0.003235039391496681,0.0,0.0,0.0,0.0,0.0029909650865592237,0.0,0.0,0.0
2023-03-02 09:00:00,0.0,0.0,0.0027070528323206336,0.0,0.0,0.0,0.0020748628416729204,0.0032720304781233426,0.0,0.0,0.0,0.0,0.0,0.0032486172635312724,0.0,0.0032664566514139163,0.0,0.0,0.0,0.0
2023-03-02 10:00:00,0.0,0.0,0.0,0.0,0.0,0.0,0.0,0.0,0.0,0.0,0.0,0.0,0.0,0.0,0.0,0.0,0.0,0.0,0.0,0.0
2023-03-02 11:00:00,0.0,0.0,0.0,0.0,0.0,0.0,0.0,0.0,0.0,0.0,0.0,0.0,0.0,0.0,0.0,0.0,0.0,0.0,0.0,0.0
2023-03-02 12:00:00,0.0,0.0,0.0,0.0,0.0,0.0,0.0,0.0,0.0,0.0,0.0,0.0,0.0,0.0,0.0,0.0,0.0,0.0,0.0,0.0
2023-03-02 13:00:00,0.0,0.0,0.0,0.0,0.0,0.0,0.0,0.0,0.0,0.0,0.0,0.0,0.0,0.0,0.0,0.0,0.0,0.0,0.0,0.0
2023-03-02 14:00:00,0.0,0.0,0.0,0.0,0.0,0.0,0.0,0.0,0.0,0.0,0.0,0.0,0.0,0.0,0.0,0.0,0.0,0.0,0.0,0.0
2023-03-02 15:00:00,0.0,0.0,0.0,0.0,0.0,0.0,0.0,0.0,0.0,0.0,0.0,0.0,0.0,0.0,0.0,0.0,0.0,0.0,0.0,0.0
2023-03-02 16:00:00,0.0,0.0042991603128326485,0.0033942923009423176,0.0,0.0,0.0,0.0,0.0,0.0,0.0,0.0029169032070765094,0.0,0.0,0.00511253675164526,0.0,0.0,0.0,0.0,0.0,0.0
2023-03-02 17:00:00,0.0,0.0,0.0,0.003571926458892524,0.002713804844018848,0.0029233460541161632,0.00270197754438118,0.0,0.0,0.0029327174213965414,0.0,0.0,0.0,0.0,0.0,0.005115019125721295,0.0,0.003908741801341438,0.003702072620888828,0.003564673382841983
2023-03-02 18:00:00,0.0039239736451706485,0.0,0.0,0.0,0.0,0.0,0.0,0.005231097792134359,0.003355329567632397,0.0,0.0,0.005132158439813234,0.0,0.0,0.005641053249997667,0.0,0.0042193353279772125,0.0,0.0,0.0
2023-03-02 19:00:00,0.0,0.0,0.0,0.0,0.0,0.0,0.0,0.0,0.0,0.0,0.0,0.0,0.0,0.0,0.0,0.0,0.0,0.0,0.0,0.0
2023-03-02 20:00:00,0.0,0.0,0.0,0.0,0.0,0.0,0.0,0.0,0.0,0.0,0.0,0.0,0.0,0.0,0.0,0.0,0.0,0.0,0.0,0.0
2023-03-02 21:00:00,0.0,0.0,0.0,0.0,0.0,0.0,0.0,0.0,0.0,0.0,0.0,0.0,0.0,0.0,0.0,0.0,0.0,0.0,0.0,0.0
2023-03-02 22:00:00,0.0,0.0,0.0,0.0,0.0,0.0,0.0,0.0,0.0,0.0,0.0,0.0,0.0,0.0,0.0,0.0,0.0,0.0,0.0,0.0
2023-03-02 23:00:00,0.0,0.0,0.0,0.0,0.0,0.0,0.0,0.0,0.0,0.0,0.0,0.0,0.0,0.0,0.0,0.0,0.0,0.0,0.0,0.0
2023-03-03 00:00:00,0.0,0.0,0.0,0.0,0.0,0.0,0.0,0.0,0.0,0.0,0.0,0.0,0.0,0.0,0.0,0.0,0.0,0.0,0.0,0.0
2023-03-03 01:00:00,0.0,0.0,0.0,0.0,0.0,0.0,0.0,0.0,0.0,0.0,0.0,0.0,0.0,0.0,0.0,0.0,0.0,0.0,0.0,0.0
2023-03-03 02:00:00,0.0,0.0,0.0,0.0,0.0,0.0,0.0,0.0,0.0,0.0,0.0,0.0,0.0,0.0,0.0,0.0,0.0,0.0,0.0,0.0
2023-03-03 03:00:00,0.0,0.0,0.0,0.0,0.0,0.0,0.0,0.0,0.0,0.0,0.0,0.0,0.0,0.0,0.0,0.0,0.0,0.0,0.0,0.0
2023-03-03 04:00:00,0.0,0.0,0.0,0.0,0.0,0.0,0.0,0.0,0.0,0.0,0.0,0.0,0.0,0.0,0.0,0.0,0.0,0.0,0.0,0.0
2023-03-03 05:00:00,0.0,0.0,0.0,0.0,0.0,0.0,0.0,0.0,0.0,0.0,0.0,0.0,0.0,0.0,0.0,0.0,0.0,0.0,0.0,0.0
2023-03-03 06:00:00,0.0,0.0,0.0,0.002191011632402778,0.002289293042161553,0.0,0.0,0.0,0.0,0.0,0.0019651518267850216,0.0027708986864399955,0.0,0.0,0.0,0.0,0.0025670031397395797,0.0026177977912280248,0.003198050340136748,0.0
2023-03-03 07:00:00,0.0,0.003706720345022824,0.0,0.0,0.0,0.0,0.0,0.0028028245719849275,0.0,0.0,0.0,0.0,0.0,0.003140623669261447,0.0,0.003009740116636705,0.0,0.0,0.0,0.0028780597992068635
2023-03-03 08:00:00,0.002687559132994536,0.0,0.0,0.0,0.0,0.0,0.0,0.0,0.0020847871625626364,0.0,0.0,0.0,0.0,0.0,0.0,0.0,0.0,0.0,0.0,0.0
2023-03-03 09:00:00,0.0,0.0,0.002479388245435484,0.0,0.0,0.0020335505158947686,0.002352046256527546,0.0,0.0,0.0022110562060410196,0.0,0.0,0.0,0.0,0.0029787950327512624,0.0,0.0,0.0,0.0,0.0
2023-03-03 10:00:00,0.0,0.0,0.0,0.0,0.0,0.0,0.0,0.0,0.0,0.0,0.0,0.0,0.0,0.0,0.0,0.0,0.0,0.0,0.0,0.0
2023-03-03 11:00:00,0.0,0.0,0.0,0.0,0.0,0.0,0.0,0.0,0.0,0.0,0.0,0.0,0.0,0.0,0.0,0.0,0.0,0.0,0.0,0.0
2023-03-03 12:00:00,0.0,0.0,0.0,0.0,0.0,0.0,0.0,0.0,0.0,0.0,0.0,0.0,0.0,0.0,0.0,0.0,0.0,0.0,0.0,0.0
2023-03-03 13:00:00,0.0,0.0,0.0,0.0,0.0,0.0,0.0,0.0,0.0,0.0,0.0,0.0,0.0,0.0,0.0,0.0,0.0,0.0,0.0,0.0
2023-03-03 14:00:00,0.0,0.0,0.0,0.0,0.0,0.0,0.0,0.0,0.0,0.0,0.0,0.0,0.0,0.0,0.0,0.0,0.0,0.0,0.0,0.0
2023-03-03 15:00:00,0.0,0.0,0.0,0.0,0.0,0.0,0.0,0.0,0.0,0.0,0.0,0.0,0.0,0.0,0.0,0.0,0.0,0.0,0.0,0.0
2023-03-03 16:00:00,0.0035829000612029095,0.0,0.0032452105658419433,0.0,0.0,0.0035852068568657572,0.0,0.0,0.003369215129290935,0.0,0.0,0.0,0.0,0.0,0.0,0.0037253391632094818,0.0,0.00427785862700711,0.0,0.0
2023-03-03 17:00:00,0.0,0.0,0.0,0.003982149145522797,0.0031231493940813387,0.0,0.0,0.004049510697801746,0.0,0.0,0.0,0.0,0.0,0.005092219854669147,0.003721872393722713,0.0,0.0,0.0,0.0,0.004076349725328791
2023-03-03 18:00:00,0.0,0.00470124721885967,0.0,0.0,0.0,0.0,0.003288077527629295,0.0,0.0,0.00394089686765436,0.0034624618056478575,0.004050918667188367,0.0,0.0,0.0,0.0,0.0036365792212250257,0.0,0.004203977065201338,0.0
2023-03-03 19:00:00,0.0,0.0,0.0,0.0,0.0,0.0,0.0,0.0,0.0,0.0,0.0,0.0,0.0,0.0,0.0,0.0,0.0,0.0,0.0,0.0
2023-03-03 20:00:00,0.0,0.0,0.0,0.0,0.0,0.0,0.0,0.0,0.0,0.0,0.0,0.0,0.0,0.0,0.0,0.0,0.0,0.0,0.0,0.0
2023-03-03 21:00:00,0.0,0.0,0.0,0.0,0.0,0.0,0.0,0.0,0.0,0.0,0.0,0.0,0.0,0.0,0.0,0.0,0.0,0.0,0.0,0.0
2023-03-03 22:00:00,0.0,0.0,0.0,0.0,0.0,0.0,0.0,0.0,0.0,0.0,0.0,0.0,0.0,0.0,0.0,0.0,0.0,0.0,0.0,0.0
2023-03-03 23:00:00,0.0,0.0,0.0,0.0,0.0,0.0,0.0,0.0,0.0,0.0,0.0,0.0,0.0,0.0,0.0,0.0,0.0,0.0,0.0,0.0
2023-03-04 00:00:00,0.0,0.0,0.0,0.0,0.0,0.0,0.0,0.0,0.0,0.0,0.0,0.0,0.0,0.0,0.0,0.0,0.0,0.0,0.0,0.0
2023-03-04 01:00:00,0.0,0.0,0.0,0.0,0.0,0.0,0.0,0.0,0.0,0.0,0.0,0.0,0.0,0.0,0.0,0.0,0.0,0.0,0.0,0.0
2023-03-04 02:00:00,0.0,0.0,0.0,0.0,0.0,0.0,0.0,0.0,0.0,0.0,0.0,0.0,0.0,0.0,0.0,0.0,0.0,0.0,0.0,0.0
2023-03-04 03:00:00,0.0,0.0,0.0,0.0,0.0,0.0,0.0,0.0,0.0,0.0,0.0,0.0,0.0,0.0,0.0,0.0,0.0,0.0,0.0,0.0
2023-03-04 04:00:00,0.0,0.0,0.0,0.0,0.0,0.0,0.0,0.0,0.0,0.0,0.0,0.0,0.0,0.0,0.0,0.0,0.0,0.0,0.0,0.0
2023-03-04 05:00:00,0.0,0.0,0.0,0.0,0.0,0.0,0.0,0.0,0.0,0.0,0.0,0.0,0.0,0.0,0.0,0.0,0.0,0.0,0.0,0.0
2023-03-04 06:00:00,0.002154001331966928,0.0,0.0,0.0023222794282358843,0.0,0.0,0.0,0.0,0.0,0.0,0.0014589732811511127,0.0,0.0,0.0,0.0,0.002705968433961492,0.0,0.0,0.0,0.0
2023-03-04 07:00:00,0.0,0.002874639937157768,0.0,0.0,0.0,0.0,0.0,0.0,0.0025031239205042487,0.0025592619555287154,0.0,0.003138786667052818,0.0,0.0031160310545545137,0.0,0.0,0.002586386148311058,0.0,0.0,0.0
2023-03-04 08:00:00,0.0,0.0,0.0024092050259597844,0.0,0.002854053328349099,0.00196833960638427,0.0016942624768601774,0.0,0.0,0.0,0.0,0.0,0.0,0.0,0.0,0.0,0.0,0.0021062750689923777,0.0,0.0025838063812830816
2023-03-04 09:00:00,0.0,0.0,0.0,0.0,0.0,0.0,0.0,0.002974281790581634,0.0,0.0,0.0,0.0,0.0,0.0,0.0038934330021465286,0.0,0.0,0.0,0.002232147455714726,0.0
2023-03-04 10:00:00,0.0,0.0,0.0,0.0,0.0,0.0,0.0,0.0,0.0,0.0,0.0,0.0,0.0,0.0,0.0,0.0,0.0,0.0,0.0,0.0
2023-03-04 11:00:00,0.0,0.0,0.0,0.0,0.0,0.0,0.0,0.0,0.0,0.0,0.0,0.0,0.0,0.0,0.0,0.0,0.0,0.0,0.0,0.0
2023-03-04 12:00:00,0.0,0.0,0.0,0.0,0.0,0.0,0.0,0.0,0.0,0.0,0.0,0.0,0.0,0.0,0.0,0.0,0.0,0.0,0.0,0.0
2023-03-04 13:00:00,0.0,0.0,0.0,0.0,0.0,0.0,0.0,0.0,0.0,0.0,0.0,0.0,0.0,0.0,0.0,0.0,0.0,0.0,0.0,0.0
2023-03-04 14:00:00,0.0,0.0,0.0,0.0,0.0,0.0,0.0,0.0,0.0,0.0,0.0,0.0,0.0,0.0,0.0,0.0,0.0,0.0,0.0,0.0
2023-03-04 15:00:00,0.0,0.0,0.0,0.0,0.0,0.0,0.0,0.0,0.0,0.0,0.0,0.0,0.0,0.0,0.0,0.0,0.0,0.0,0.0,0.0
2023-03-04 16:00:00,0.0,0.0,0.0,0.0,0.0,0.0,0.0,0.00380616448973347,0.0034805464782447734,0.003559595251284578,0.0,0.0,0.0,0.00562194381996082,0.0056516870151179085,0.0,0.0,0.0,0.003937680532595781,0.0
2023-03-04 17:00:00,0.0,0.0,0.0,0.0,0.003813825867567924,0.0032050964717770364,0.002687516871320968,0.0,0.0,0.0,0.0,0.003983348989531672,0.0,0.0,0.0,0.0,0.004135561692832602,0.0,0.0,0.003961796105599021
2023-03-04 18:00:00,0.003410746088286231,0.0035575070502111912,0.0034677895082978606,0.004125502298810467,0.0,0.0,0.0,0.0,0.0,0.0,0.0024165954585640193,0.0,0.0,0.0,0.0,0.004441243996918922,0.0,0.003813644617873417,0.0,0.0
2023-03-04 19:00:00,0.0,0.0,0.0,0.0,0.0,0.0,0.0,0.0,0.0,0.0,0.0,0.0,0.0,0.0,0.0,0.0,0.0,0.0,0.0,0.0
2023-03-04 20:00:00,0.0,0.0,0.0,0.0,0.0,0.0,0.0,0.0,0.0,0.0,0.0,0.0,0.0,0.0,0.0,0.0,0.0,0.0,0.0,0.0
2023-03-04 21:00:00,0.0,0.0,0.0,0.0,0.0,0.0,0.0,0.0,0.0,0.0,0.0,0.0,0.0,0.0,0.0,0.0,0.0,0.0,0.0,0.0
2023-03-04 22:00:00,0.0,0.0,0.0,0.0,0.0,0.0,0.0,0.0,0.0,0.0,0.0,0.0,0.0,0.0,0.0,0.0,0.0,0.0,0.0,0.0
2023-03-04 23:00:00,0.0,0.0,0.0,0.0,0.0,0.0,0.0,0.0,0.0,0.0,0.0,0.0,0.0,0.0,0.0,0.0,0.0,0.0,0.0,0.0
2023-03-05 00:00:00,0.0,0.0,0.0,0.0,0.0,0.0,0.0,0.0,0.0,0.0,0.0,0.0,0.0,0.0,0.0,0.0,0.0,0.0,0.0,0.0
2023-03-05 01:00:00,0.0,0.0,0.0,0.0,0.0,0.0,0.0,0.0,0.0,0.0,0.0,0.0,0.0,0.0,0.0,0.0,0.0,0.0,0.0,0.0
2023-03-05 02:00:00,0.0,0.0,0.0,0.0,0.0,0.0,0.0,0.0,0.0,0.0,0.0,0.0,0.0,0.0,0.0,0.0,0.0,0.0,0.0,0.0
2023-03-05 03:00:00,0.0,0.0,0.0,0.0,0.0,0.0,0.0,0.0,0.0,0.0,0.0,0.0,0.0,0.0,0.0,0.0,0.0,0.0,0.0,0.0
2023-03-05 04:00:00,0.0,0.0,0.0,0.0,0.0,0.0,0.0,0.0,0.0,0.0,0.0,0.0,0.0,0.0,0.0,0.0,0.0,0.0,0.0,0.0
2023-03-05 05:00:00,0.0,0.0,0.0,0.0,0.0,0.0,0.0,0.0,0.0,0.0,0.0,0.0,0.0,0.0,0.0,0.0,0.0,0.0,0.0,0.0
2023-03-05 06:00:00,0.0,0.0,0.0,0.0,0.002421271600181411,0.0,0.0,0.0,0.0,0.0,0.0015738469808587714,0.0,0.0,0.0,0.0,0.002985851106860104,0.0,0.002808520617870376,0.0,0.0
2023-03-05 07:00:00,0.0,0.0,0.0,0.0,0.0,0.0,0.0021629636644965194,0.002387405511059578,0.0024915773299646147,0.0,0.0,0.0,0.0,0.0,0.0,0.0,0.0,0.0,0.0,0.0021850235807760405
2023-03-05 08:00:00,0.002595443306720084,0.0030459302375428036,0.0,0.002319693087112158,0.0,0.0,0.0,0.0,0.0,0.002783212634488152,0.0,0.0028872542345747946,0.0,0.0,0.0,0.0,0.003044866472220934,0.0,0.002703437174083739,0.0
2023-03-05 09:00:00,0.0,0.0,0.00225696457235469,0.0,0.0,0.002451615308575699,0.0,0.0,0.0,0.0,0.0,0.0,0.0,0.003173722532467538,0.002782007361884222,0.0,0.0,0.0,0.0,0.0
2023-03-05 10:00:00,0.0,0.0,0.0,0.0,0.0,0.0,0.0,0.0,0.0,0.0,0.0,0.0,0.0,0.0,0.0,0.0,0.0,0.0,0.0,0.0
2023-03-05 11:00:00,0.0,0.0,0.0,0.0,0.0,0.0,0.0,0.0,0.0,0.0,0.0,0.0,0.0,0.0,0.0,0.0,0.0,0.0,0.0,0.0
2023-03-05 12:00:00,0.0,0.0,0.0,0.0,0.0,0.0,0.0,0.0,0.0,0.0,0.0,0.0,0.0,0.0,0.0,0.0,0.0,0.0,0.0,0.0
2023-03-05 13:00:00,0.0,0.0,0.0,0.0,0.0,0.0,0.0,0.0,0.0,0.0,0.0,0.0,0.0,0.0,0.0,0.0,0.0,0.0,0.0,0.0
2023-03-05 14:00:00,0.0,0.0,0.0,0.0,0.0,0.0,0.0,0.0,0.0,0.0,0.0,0.0,0.0,0.0,0.0,0.0,0.0,0.0,0.0,0.0
2023-03-05 15:00:00,0.0,0.0,0.0,0.0,0.0,0.0,0.0,0.0,0.0,0.0,0.0,0.0,0.0,0.0,0.0,0.0,0.0,0.0,0.0,0.0
2023-03-05 16:00:00,0.0,0.00466653223490854,0.0,0.0029227385201148186,0.0,0.0,0.0,0.0,0.0031322624605419668,0.004783068999694099,0.0,0.0,0.0,0.0,0.0,0.0,0.0,0.0,0.0,0.0
2023-03-05 17:00:00,0.003408689095011489,0.0,0.0,0.0,0.0,0.0034778531853397405,0.002815685622523594,0.0,0.0,0.0,0.002447667423599171,0.004627014095638515,0.0,0.0040482918691674055,0.003872845874616801,0.0,0.003781290035464038,0.0,0.004046251365643924,0.0
2023-03-05 18:00:00,0.0,0.0,0.0036663237519594495,0.0,0.002975364107336336,0.0,0.0,0.003826678070559277,0.0,0.0,0.0,0.0,0.0,0.0,0.0,0.0038509794935588097,0.0,0.0036715031005566507,0.0,0.003769182981910279
2023-03-05 19:00:00,0.0,0.0,0.0,0.0,0.0,0.0,0.0,0.0,0.0,0.0,0.0,0.0,0.0,0.0,0.0,0.0,0.0,0.0,0.0,0.0
2023-03-05 20:00:00,0.0,0.0,0.0,0.0,0.0,0.0,0.0,0.0,0.0,0.0,0.0,0.0,0.0,0.0,0.0,0.0,0.0,0.0,0.0,0.0
2023-03-05 21:00:00,0.0,0.0,0.0,0.0,0.0,0.0,0.0,0.0,0.0,0.0,0.0,0.0,0.0,0.0,0.0,0.0,0.0,0.0,0.0,0.0
2023-03-05 22:00:00,0.0,0.0,0.0,0.0,0.0,0.0,0.0,0.0,0.0,0.0,0.0,0.0,0.0,0.0,0.0,0.0,0.0,0.0,0.0,0.0
2023-03-05 23:00:00,0.0,0.0,0.0,0.0,0.0,0.0,0.0,0.0,0.0,0.0,0.0,0.0,0.0,0.0,0.0,0.0,0.0,0.0,0.0,0.0
2023-03-06 00:00:00,0.0,0.0,0.0,0.0,0.0,0.0,0.0,0.0,0.0,0.0,0.0,0.0,0.0,0.0,0.0,0.0,0.0,0.0,0.0,0.0
2023-03-06 01:00:00,0.0,0.0,0.0,0.0,0.0,0.0,0.0,0.0,0.0,0.0,0.0,0.0,0.0,0.0,0.0,0.0,0.0,0.0,0.0,0.0
2023-03-06 02:00:00,0.0,0.0,0.0,0.0,0.0,0.0,0.0,0.0,0.0,0.0,0.0,0.0,0.0,0.0,0.0,0.0,0.0,0.0,0.0,0.0
2023-03-06 03:00:00,0.0,0.0,0.0,0.0,0.0,0.0,0.0,0.0,0.0,0.0,0.0,0.0,0.0,0.0,0.0,0.0,0.0,0.0,0.0,0.0
2023-03-06 04:00:00,0.0,0.0,0.0,0.0,0.0,0.0,0.0,0.0,0.0,0.0,0.0,0.0,0.0,0.0,0.0,0.0,0.0,0.0,0.0,0.0
2023-03-06 05:00:00,0.0,0.0,0.0,0.0,0.0,0.0,0.0,0.0,0.0,0.0,0.0,0.0,0.0,0.0,0.0,0.0,0.0,0.0,0.0,0.0
2023-03-06 06:00:00,0.0,0.0026200086352198273,0.0,0.003198472634487539,0.0,0.0,0.0,0.0,0.0025006542472770293,0.003223056374692016,0.0017442477249298546,0.0,0.0,0.0031128725841078333,0.002807323667255234,0.0,0.0,0.002172608524561348,0.0,0.0
2023-03-06 07:00:00,0.0,0.0,0.0032063319375821987,0.0,0.0024251289021653367,0.0,0.002565294436020344,0.0,0.0,0.0,0.0,0.0,0.0,0.0,0.0,0.0,0.0026716589070269023,0.0,0.0,0.0
2023-03-06 08:00:00,0.0,0.0,0.0,0.0,0.0,0.0,0.0,0.0037645293018241156,0.0,0.0,0.0,0.0,0.0,0.0,0.0,0.004135122062512958,0.0,0.0,0.0,0.0
2023-03-06 09:00:00,0.002050803832204648,0.0,0.0,0.0,0.0,0.0020336427112179045,0.0,0.0,0.0,0.0,0.0,0.0025114492614744647,0.0,0.0,0.0,0.0,0.0,0.0,0.0027689240746342552,0.0019929501068908628
2023-03-06 10:00:00,0.0,0.0,0.0,0.0,0.0,0.0,0.0,0.0,0.0,0.0,0.0,0.0,0.0,0.0,0.0,0.0,0.0,0.0,0.0,0.0
2023-03-06 11:00:00,0.0,0.0,0.0,0.0,0.0,0.0,0.0,0.0,0.0,0.0,0.0,0.0,0.0,0.0,0.0,0.0,0.0,0.0,0.0,0.0
2023-03-06 12:00:00,0.0,0.0,0.0,0.0,0.0,0.0,0.0,0.0,0.0,0.0,0.0,0.0,0.0,0.0,0.0,0.0,0.0,0.0,0.0,0.0
2023-03-06 13:00:00,0.0,0.0,0.0,0.0,0.0,0.0,0.0,0.0,0.0,0.0,0.0,0.0,0.0,0.0,0.0,0.0,0.0,0.0,0.0,0.0
2023-03-06 14:00:00,0.0,0.0,0.0,0.0,0.0,0.0,0.0,0.0,0.0,0.0,0.0,0.0,0.0,0.0,0.0,0.0,0.0,0.0,0.0,0.0
2023-03-06 15:00:00,0.0,0.0,0.0,0.0,0.0,0.0,0.0,0.0,0.0,0.0,0.0,0.0,0.0,0.0,0.0,0.0,0.0,0.0,0.0,0.0
2023-03-06 16:00:00,0.0030071834585581997,0.0,0.004808012875924152,0.0,0.0,0.0,0.0,0.0046034281301826074,0.0034369446711719886,0.0040811837077651125,0.0,0.004415144594156264,0.0,0.0,0.0,0.0,0.0,0.0,0.0,0.0034619093396874813
2023-03-06 17:00:00,0.0,0.0033310366766997833,0.0,0.0,0.0,0.003436626027613717,0.0033292030125060762,0.0,0.0,0.0,0.0,0.0,0.0,0.0039775270164091586,0.0,0.0,0.0035240338667511368,0.0,0.0,0.0
2023-03-06 18:00:00,0.0,0.0,0.0,0.0040664027257234945,0.004276938970875643,0.0,0.0,0.0,0.0,0.0,0.002398617218842003,0.0,0.0,0.0,0.0038083241600110488,0.005103521193322321,0.0,0.003738507897824677,0.0036901247517852178,0.0
2023-03-06 19:00:00,0.0,0.0,0.0,0.0,0.0,0.0,0.0,0.0,0.0,0.0,0.0,0.0,0.0,0.0,0.0,0.0,0.0,0.0,0.0,0.0
2023-03-06 20:00:00,0.0,0.0,0.0,0.0,0.0,0.0,0.0,0.0,0.0,0.0,0.0,0.0,0.0,0.0,0.0,0.0,0.0,0.0,0.0,0.0
2023-03-06 21:00:00,0.0,0.0,0.0,0.0,0.0,0.0,0.0,0.0,0.0,0.0,0.0,0.0,0.0,0.0,0.0,0.0,0.0,0.0,0.0,0.0
2023-03-06 22:00:00,0.0,0.0,0.0,0.0,0.0,0.0,0.0,0.0,0.0,0.0,0.0,0.0,0.0,0.0,0.0,0.0,0.0,0.0,0.0,0.0
2023-03-06 23:00:00,0.0,0.0,0.0,0.0,0.0,0.0,0.0,0.0,0.0,0.0,0.0,0.0,0.0,0.0,0.0,0.0,0.0,0.0,0.0,0.0
2023-03-07 00:00:00,0.0,0.0,0.0,0.0,0.0,0.0,0.0,0.0,0.0,0.0,0.0,0.0,0.0,0.0,0.0,0.0,0.0,0.0,0.0,0.0
2023-03-07 01:00:00,0.0,0.0,0.0,0.0,0.0,0.0,0.0,0.0,0.0,0.0,0.0,0.0,0.0,0.0,0.0,0.0,0.0,0.0,0.0,0.0
2023-03-07 02:00:00,0.0,0.0,0.0,0.0,0.0,0.0,0.0,0.0,0.0,0.0,0.0,0.0,0.0,0.0,0.0,0.0,0.0,0.0,0.0,0.0
2023-03-07 03:00:00,0.0,0.0,0.0,0.0,0.0,0.0,0.0,0.0,0.0,0.0,0.0,0.0,0.0,0.0,0.0,0.0,0.0,0.0,0.0,0.0
2023-03-07 04:00:00,0.0,0.0,0.0,0.0,0.0,0.0,0.0,0.0,0.0,0.0,0.0,0.0,0.0,0.0,0.0,0.0,0.0,0.0,0.0,0.0
2023-03-07 05:00:00,0.0,0.0,0.0,0.0,0.0,0.0,0.0,0.0,0.0,0.0,0.0,0.0,0.0,0.0,0.0,0.0,0.0,0.0,0.0,0.0
2023-03-07 06:00:00,0.002653131427486246,0.0,0.0,0.0,0.0,0.0,0.002531781424913546,0.002610226832354905,0.0017973154302219879,0.0,0.0,0.0,0.0,0.0,0.0,0.0,0.0,0.0,0.0,0.0
2023-03-07 07:00:00,0.0,0.0,0.0020256252006093426,0.0,0.002169063757332447,0.0018606482231690185,0.0,0.0,0.0,0.0,0.0,0.0,0.0,0.0035853556611851155,0.0032319317547368624,0.0,0.0,0.0,0.0025668713499966246,0.0
2023-03-07 08:00:00,0.0,0.0,0.0,0.0030635599367891484,0.0,0.0,0.0,0.0,0.0,0.0026713111175791374,0.002036397495672866,0.003146653383673927,0.0,0.0,0.0,0.0,0.002768432008570223,0.0,0.0,0.0
2023-03-07 09:00:00,0.0,0.002379434678898591,0.0,0.0,0.0,0.0,0.0,0.0,0.0,0.0,0.0,0.0,0.0,0.0,0.0,0.0034850202292756745,0.0,0.0026953768971705993,0.0,0.002626614252118793
2023-03-07 10:00:00,0.0,0.0,0.0,0.0,0.0,0.0,0.0,0.0,0.0,0.0,0.0,0.0,0.0,0.0,0.0,0.0,0.0,0.0,0.0,0.0
2023-03-07 11:00:00,0.0,0.0,0.0,0.0,0.0,0.0,0.0,0.0,0.0,0.0,0.0,0.0,0.0,0.0,0.0,0.0,0.0,0.0,0.0,0.0
2023-03-07 12:00:00,0.0,0.0,0.0,0.0,0.0,0.0,0.0,0.0,0.0,0.0,0.0,0.0,0.0,0.0,0.0,0.0,0.0,0.0,0.0,0.0
2023-03-07 13:00:00,0.0,0.0,0.0,0.0,0.0,0.0,0.0,0.0,0.0,0.0,0.0,0.0,0.0,0.0,0.0,0.0,0.0,0.0,0.0,0.0
2023-03-07 14:00:00,0.0,0.0,0.0,0.0,0.0,0.0,0.0,0.0,0.0,0.0,0.0,0.0,0.0,0.0,0.0,0.0,0.0,0.0,0.0,0.0
2023-03-07 15:00:00,0.0,0.0,0.0,0.0,0.0,0.0,0.0,0.0,0.0,0.0,0.0,0.0,0.0,0.0,0.0,0.0,0.0,0.0,0.0,0.0
2023-03-07 16:00:00,0.0,0.0,0.0034055062075327757,0.0,0.0,0.0,0.0,0.0,0.0,0.0,0.0,0.0,0.0,0.0044978858154561905,0.004917663381484364,0.0,0.0042230708615835204,0.0034120391998549923,0.0,0.0
2023-03-07 17:00:00,0.0,0.003872435517939482,0.0,0.004095164247651775,0.0038196459663121024,0.0034012769431772246,0.0,0.00456699369295253,0.0,0.0,0.003267657278512253,0.004425576075581386,0.0,0.0,0.0,0.0,0.0,0.0,0.0,0.0
2023-03-07 18:00:00,0.0037683277502001326,0.0,0.0,0.0,0.0,0.0,0.0036627491588125537,0.0,0.003142799947081562,0.0036386317967255846,0.0,0.0,0.0,0.0,0.0,0.006123698930379769,0.0,0.0,0.0034920387942254335,0.004231025985060676
2023-03-07 19:00:00,0.0,0.0,0.0,0.0,0.0,0.0,0.0,0.0,0.0,0.0,0.0,0.0,0.0,0.0,0.0,0.0,0.0,0.0,0.0,0.0
2023-03-07 20:00:00,0.0,0.0,0.0,0.0,0.0,0.0,0.0,0.0,0.0,0.0,0.0,0.0,0.0,0.0,0.0,0.0,0.0,0.0,0.0,0.0
2023-03-07 21:00:00,0.0,0.0,0.0,0.0,0.0,0.0,0.0,0.0,0.0,0.0,0.0,0.0,0.0,0.0,0.0,0.0,0.0,0.0,0.0,0.0
2023-03-07 22:00:00,0.0,0.0,0.0,0.0,0.0,0.0,0.0,0.0,0.0,0.0,0.0,0.0,0.0,0.0,0.0,0.0,0.0,0.0,0.0,0.0
2023-03-07 23:00:00,0.0,0.0,0.0,0.0,0.0,0.0,0.0,0.0,0.0,0.0,0.0,0.0,0.0,0.0,0.0,0.0,0.0,0.0,0.0,0.0
2023-03-08 00:00:00,0.0,0.0,0.0,0.0,0.0,0.0,0.0,0.0,0.0,0.0,0.0,0.0,0.0,0.0,0.0,0.0,0.0,0.0,0.0,0.0
2023-03-08 01:00:00,0.0,0.0,0.0,0.0,0.0,0.0,0.0,0.0,0.0,0.0,0.0,0.0,0.0,0.0,0.0,0.0,0.0,0.0,0.0,0.0
2023-03-08 02:00:00,0.0,0.0,0.0,0.0,0.0,0.0,0.0,0.0,0.0,0.0,0.0,0.0,0.0,0.0,0.0,0.0,0.0,0.0,0.0,0.0
2023-03-08 03:00:00,0.0,0.0,0.0,0.0,0.0,0.0,0.0,0.0,0.0,0.0,0.0,0.0,0.0,0.0,0.0,0.0,0.0,0.0,0.0,0.0
2023-03-08 04:00:00,0.0,0.0,0.0,0.0,0.0,0.0,0.0,0.0,0.0,0.0,0.0,0.0,0.0,0.0,0.0,0.0,0.0,0.0,0.0,0.0
2023-03-08 05:00:00,0.0,0.0,0.0,0.0,0.0,0.0,0.0,0.0,0.0,0.0,0.0,0.0,0.0,0.0,0.0,0.0,0.0,0.0,0.0,0.0
2023-03-08 06:00:00,0.0,0.0026920504101456072,0.0,0.0,0.0021425180542940956,0.0020932897350684158,0.0,0.0,0.0,0.0024415829744114693,0.0,0.0,0.0,0.0,0.0,0.0,0.0,0.0,0.0,0.0
2023-03-08 07:00:00,0.0023905057142740993,0.0,0.002615340032337854,0.0,0.0,0.0,0.0,0.0,0.0,0.0,0.0015535934119252158,0.0,0.0,0.0029546194893802376,0.0,0.0,0.002546729938822761,0.003115557300283278,0.002509751713784532,0.0
2023-03-08 08:00:00,0.0,0.0,0.0,0.0,0.0,0.0,0.0,0.003753370580221166,0.0,0.0,0.0,0.0,0.0,0.0,0.0,0.0,0.0,0.0,0.0,0.0
2023-03-08 09:00:00,0.0,0.0,0.0,0.0025804911649876085,0.0,0.0,0.0019926877902645477,0.0,0.0017881536002528526,0.0,0.0,0.0021939623240765237,0.0,0.0,0.003484826513533922,0.003360306321608002,0.0,0.0,0.0,0.0024658674946221484
2023-03-08 10:00:00,0.0,0.0,0.0,0.0,0.0,0.0,0.0,0.0,0.0,0.0,0.0,0.0,0.0,0.0,0.0,0.0,0.0,0.0,0.0,0.0
2023-03-08 11:00:00,0.0,0.0,0.0,0.0,0.0,0.0,0.0,0.0,0.0,0.0,0.0,0.0,0.0,0.0,0.0,0.0,0.0,0.0,0.0,0.0
2023-03-08 12:00:00,0.0,0.0,0.0,0.0,0.0,0.0,0.0,0.0,0.0,0.0,0.0,0.0,0.0,0.0,0.0,0.0,0.0,0.0,0.0,0.0
2023-03-08 13:00:00,0.0,0.0,0.0,0.0,0.0,0.0,0.0,0.0,0.0,0.0,0.0,0.0,0.0,0.0,0.0,0.0,0.0,0.0,0.0,0.0
2023-03-08 14:00:00,0.0,0.0,0.0,0.0,0.0,0.0,0.0,0.0,0.0,0.0,0.0,0.0,0.0,0.0,0.0,0.0,0.0,0.0,0.0,0.0
2023-03-08 15:00:00,0.0,0.0,0.0,0.0,0.0,0.0,0.0,0.0,0.0,0.0,0.0,0.0,0.0,0.0,0.0,0.0,0.0,0.0,0.0,0.0
2023-03-08 16:00:00,0.0,0.0,0.0,0.0,0.0,0.0,0.0,0.0,0.0030599958087865037,0.0,0.0025950790494010836,0.0035395682304446663,0.0,0.004276865716827064,0.0,0.0,0.004466823104669371,0.004105618189019743,0.0,0.0
2023-03-08 17:00:00,0.0,0.0,0.004605700777792303,0.004519396295741031,0.003957520142590536,0.0035253857593299065,0.0029905055164786967,0.005181351853427011,0.0,0.0,0.0,0.0,0.0,0.0,0.0,0.0,0.0,0.0,0.0,0.0
2023-03-08 18:00:00,0.002956546806898246,0.003487175554327052,0.0,0.0,0.0,0.0,0.0,0.0,0.0,0.0036365129432322273,0.0,0.0,0.0,0.0,0.005612236418864538,0.004950093041004967,0.0,0.0,0.004294453632659041,0.004426372517411699
2023-03-08 19:00:00,0.0,0.0,0.0,0.0,0.0,0.0,0.0,0.0,0.0,0.0,0.0,0.0,0.0,0.0,0.0,0.0,0.0,0.0,0.0,0.0
2023-03-08 20:00:00,0.0,0.0,0.0,0.0,0.0,0.0,0.0,0.0,0.0,0.0,0.0,0.0,0.0,0.0,0.0,0.0,0.0,0.0,0.0,0.0
2023-03-08 21:00:00,0.0,0.0,0.0,0.0,0.0,0.0,0.0,0.0,0.0,0.0,0.0,0.0,0.0,0.0,0.0,0.0,0.0,0.0,0.0,0.0
2023-03-08 22:00:00,0.0,0.0,0.0,0.0,0.0,0.0,0.0,0.0,0.0,0.0,0.0,0.0,0.0,0.0,0.0,0.0,0.0,0.0,0.0,0.0
2023-03-08 23:00:00,0.0,0.0,0.0,0.0,0.0,0.0,0.0,0.0,0.0,0.0,0.0,0.0,0.0,0.0,0.0,0.0,0.0,0.0,0.0,0.0
2023-03-09 00:00:00,0.0,0.0,0.0,0.0,0.0,0.0,0.0,0.0,0.0,0.0,0.0,0.0,0.0,0.0,0.0,0.0,0.0,0.0,0.0,0.0
2023-03-09 01:00:00,0.0,0.0,0.0,0.0,0.0,0.0,0.0,0.0,0.0,0.0,0.0,0.0,0.0,0.0,0.0,0.0,0.0,0.0,0.0,0.0
2023-03-09 02:00:00,0.0,0.0,0.0,0.0,0.0,0.0,0.0,0.0,0.0,0.0,0.0,0.0,0.0,0.0,0.0,0.0,0.0,0.0,0.0,0.0
2023-03-09 03:00:00,0.0,0.0,0.0,0.0,0.0,0.0,0.0,0.0,0.0,0.0,0.0,0.0,0.0,0.0,0.0,0.0,0.0,0.0,0.0,0.0
2023-03-09 04:00:00,0.0,0.0,0.0,0.0,0.0,0.0,0.0,0.0,0.0,0.0,0.0,0.0,0.0,0.0,0.0,0.0,0.0,0.0,0.0,0.0
2023-03-09 05:00:00,0.0,0.0,0.0,0.0,0.0,0.0,0.0,0.0,0.0,0.0,0.0,0.0,0.0,0.0,0.0,0.0,0.0,0.0,0.0,0.0
2023-03-09 06:00:00,0.0,0.0,0.0,0.0,0.0,0.0,0.0,0.0031484627238947483,0.0,0.0,0.0023804002480897167,0.0,0.0,0.0,0.0031491729965069074,0.0,0.002850391245308833,0.0,0.0,0.0
2023-03-09 07:00:00,0.00233117636849557,0.0030354837411930317,0.0029652648099635463,0.0,0.0,0.0,0.0,0.0,0.002098286823982122,0.0,0.0,0.0,0.0,0.0,0.0,0.0,0.0,0.0,0.0,0.0020694797964151052
2023-03-09 08:00:00,0.0,0.0,0.0,0.0,0.0,0.0024484164199290418,0.0,0.0,0.0,0.0,0.0,0.0,0.0,0.0,0.0,0.0,0.0,0.0027405079863877164,0.0,0.0
2023-03-09 09:00:00,0.0,0.0,0.0,0.00279905766911614,0.0024352508053726778,0.0,0.0017471634856952468,0.0,0.0,0.0029884833632792098,0.0,0.0034389524408025966,0.0,0.003248849913296821,0.0,0.004079324529107839,0.0,0.0,0.003370773471401592,0.0
2023-03-09 10:00:00,0.0,0.0,0.0,0.0,0.0,0.0,0.0,0.0,0.0,0.0,0.0,0.0,0.0,0.0,0.0,0.0,0.0,0.0,0.0,0.0
2023-03-09 11:00:00,0.0,0.0,0.0,0.0,0.0,0.0,0.0,0.0,0.0,0.0,0.0,0.0,0.0,0.0,0.0,0.0,0.0,0.0,0.0,0.0
2023-03-09 12:00:00,0.0,0.0,0.0,0.0,0.0,0.0,0.0,0.0,0.0,0.0,0.0,0.0,0.0,0.0,0.0,0.0,0.0,0.0,0.0,0.0
2023-03-09 13:00:00,0.0,0.0,0.0,0.0,0.0,0.0,0.0,0.0,0.0,0.0,0.0,0.0,0.0,0.0,0.0,0.0,0.0,0.0,0.0,0.0
2023-03-09 14:00:00,0.0,0.0,0.0,0.0,0.0,0.0,0.0,0.0,0.0,0.0,0.0,0.0,0.0,0.0,0.0,0.0,0.0,0.0,0.0,0.0
2023-03-09 15:00:00,0.0,0.0,0.0,0.0,0.0,0.0,0.0,0.0,0.0,0.0,0.0,0.0,0.0,0.0,0.0,0.0,0.0,0.0,0.0,0.0
2023-03-09 16:00:00,0.0,0.0,0.004300552597125011,0.0,0.0,0.0,0.0,0.0,0.0029944578267808715,0.0,0.0,0.004447412887709439,0.0,0.005498509226443391,0.004597721566747125,0.0,0.0,0.003397909290546765,0.0,0.0
2023-03-09 17:00:00,0.003978442928084844,0.004684282069248337,0.0,0.0036243762444025975,0.0039811403426344505,0.003378368799116352,0.0,0.003982340636943114,0.0,0.003989128551265996,0.0,0.0,0.0,0.0,0.0,0.005622176969184006,0.0,0.0,0.0,0.0
2023-03-09 18:00:00,0.0,0.0,0.0,0.0,0.0,0.0,0.0027344062320189683,0.0,0.0,0.0,0.003044409023464794,0.0,0.0,0.0,0.0,0.0,0.0038607229042559826,0.0,0.0046133670924232584,0.0034986936514930056
2023-03-09 19:00:00,0.0,0.0,0.0,0.0,0.0,0.0,0.0,0.0,0.0,0.0,0.0,0.0,0.0,0.0,0.0,0.0,0.0,0.0,0.0,0.0
2023-03-09 20:00:00,0.0,0.0,0.0,0.0,0.0,0.0,0.0,0.0,0.0,0.0,0.0,0.0,0.0,0.0,0.0,0.0,0.0,0.0,0.0,0.0
2023-03-09 21:00:00,0.0,0.0,0.0,0.0,0.0,0.0,0.0,0.0,0.0,0.0,0.0,0.0,0.0,0.0,0.0,0.0,0.0,0.0,0.0,0.0
2023-03-09 22:00:00,0.0,0.0,0.0,0.0,0.0,0.0,0.0,0.0,0.0,0.0,0.0,0.0,0.0,0.0,0.0,0.0,0.0,0.0,0.0,0.0
2023-03-09 23:00:00,0.0,0.0,0.0,0.0,0.0,0.0,0.0,0.0,0.0,0.0,0.0,0.0,0.0,0.0,0.0,0.0,0.0,0.0,0.0,0.0
2023-03-10 00:00:00,0.0,0.0,0.0,0.0,0.0,0.0,0.0,0.0,0.0,0.0,0.0,0.0,0.0,0.0,0.0,0.0,0.0,0.0,0.0,0.0
2023-03-10 01:00:00,0.0,0.0,0.0,0.0,0.0,0.0,0.0,0.0,0.0,0.0,0.0,0.0,0.0,0.0,0.0,0.0,0.0,0.0,0.0,0.0
2023-03-10 02:00:00,0.0,0.0,0.0,0.0,0.0,0.0,0.0,0.0,0.0,0.0,0.0,0.0,0.0,0.0,0.0,0.0,0.0,0.0,0.0,0.0
2023-03-10 03:00:00,0.0,0.0,0.0,0.0,0.0,0.0,0.0,0.0,0.0,0.0,0.0,0.0,0.0,0.0,0.0,0.0,0.0,0.0,0.0,0.0
2023-03-10 04:00:00,0.0,0.0,0.0,0.0,0.0,0.0,0.0,0.0,0.0,0.0,0.0,0.0,0.0,0.0,0.0,0.0,0.0,0.0,0.0,0.0
2023-03-10 05:00:00,0.0,0.0,0.0,0.0,0.0,0.0,0.0,0.0,0.0,0.0,0.0,0.0,0.0,0.0,0.0,0.0,0.0,0.0,0.0,0.0
2023-03-10 06:00:00,0.0,0.0,0.0031877290873288285,0.0025224507323622566,0.0,0.002298730905552022,0.0020598180327777303,0.0024590727648191777,0.0,0.0,0.0,0.0,0.0,0.0,0.0030152102729237643,0.0,0.002096419706845871,0.0,0.0,0.0
2023-03-10 07:00:00,0.0,0.0,0.0,0.0,0.0,0.0,0.0,0.0,0.0,0.0,0.0018538335475439453,0.0,0.0,0.0,0.0,0.0031164455607840865,0.0,0.0,0.0031000047330795194,0.0
2023-03-10 08:00:00,0.0016961064645534532,0.0030441215978877297,0.0,0.0,0.002108707318921707,0.0,0.0,0.0,0.0025356184809619186,0.00236799535152719,0.0,0.0,0.0,0.0028262273511105683,0.0,0.0,0.0,0.002576995346883873,0.0,0.0
2023-03-10 09:00:00,0.0,0.0,0.0,0.0,0.0,0.0,0.0,0.0,0.0,0.0,0.0,0.0027486069038958347,0.0,0.0,0.0,0.0,0.0,0.0,0.0,0.0026645048675438287
2023-03-10 10:00:00,0.0,0.0,0.0,0.0,0.0,0.0,0.0,0.0,0.0,0.0,0.0,0.0,0.0,0.0,0.0,0.0,0.0,0.0,0.0,0.0
2023-03-10 11:00:00,0.0,0.0,0.0,0.0,0.0,0.0,0.0,0.0,0.0,0.0,0.0,0.0,0.0,0.0,0.0,0.0,0.0,0.0,0.0,0.0
2023-03-10 12:00:00,0.0,0.0,0.0,0.0,0.0,0.0,0.0,0.0,0.0,0.0,0.0,0.0,0.0,0.0,0.0,0.0,0.0,0.0,0.0,0.0
2023-03-10 13:00:00,0.0,0.0,0.0,0.0,0.0,0.0,0.0,0.0,0.0,0.0,0.0,0.0,0.0,0.0,0.0,0.0,0.0,0.0,0.0,0.0
2023-03-10 14:00:00,0.0,0.0,0.0,0.0,0.0,0.0,0.0,0.0,0.0,0.0,0.0,0.0,0.0,0.0,0.0,0.0,0.0,0.0,0.0,0.0
2023-03-10 15:00:00,0.0,0.0,0.0,0.0,0.0,0.0,0.0,0.0,0.0,0.0,0.0,0.0,0.0,0.0,0.0,0.0,0.0,0.0,0.0,0.0
2023-03-10 16:00:00,0.0,0.004291382313864553,0.0,0.003571068238319937,0.0,0.0,0.0,0.0039027176477655604,0.0,0.0,0.0,0.00482464232122103,0.0,0.004378511299071787,0.0,0.0,0.0,0.003976050116717546,0.0,0.0
2023-03-10 17:00:00,0.0,0.0,0.0,0.0,0.0,0.0,0.0035413086725149465,0.0,0.0,0.0,0.002791658033670832,0.0,0.0,0.0,0.004038065121708294,0.004902524452753553,0.0,0.0,0.004947669078199601,0.004356552789889909
2023-03-10 18:00:00,0.0029453059583956077,0.0,0.004374361570375597,0.0,0.003437709279322798,0.0037248590034505784,0.0,0.0,0.0036636415633030696,0.003008956766761139,0.0,0.0,0.0,0.0,0.0,0.0,0.0037096722478424725,0.0,0.0,0.0
2023-03-10 19:00:00,0.0,0.0,0.0,0.0,0.0,0.0,0.0,0.0,0.0,0.0,0.0,0.0,0.0,0.0,0.0,0.0,0.0,0.0,0.0,0.0
2023-03-10 20:00:00,0.0,0.0,0.0,0.0,0.0,0.0,0.0,0.0,0.0,0.0,0.0,0.0,0.0,0.0,0.0,0.0,0.0,0.0,0.0,0.0
2023-03-10 21:00:00,0.0,0.0,0.0,0.0,0.0,0.0,0.0,0.0,0.0,0.0,0.0,0.0,0.0,0.0,0.0,0.0,0.0,0.0,0.0,0.0
2023-03-10 22:00:00,0.0,0.0,0.0,0.0,0.0,0.0,0.0,0.0,0.0,0.0,0.0,0.0,0.0,0.0,0.0,0.0,0.0,0.0,0.0,0.0
2023-03-10 23:00:00,0.0,0.0,0.0,0.0,0.0,0.0,0.0,0.0,0.0,0.0,0.0,0.0,0.0,0.0,0.0,0.0,0.0,0.0,0.0,0.0
2023-03-11 00:00:00,0.0,0.0,0.0,0.0,0.0,0.0,0.0,0.0,0.0,0.0,0.0,0.0,0.0,0.0,0.0,0.0,0.0,0.0,0.0,0.0
2023-03-11 01:00:00,0.0,0.0,0.0,0.0,0.0,0.0,0.0,0.0,0.0,0.0,0.0,0.0,0.0,0.0,0.0,0.0,0.0,0.0,0.0,0.0
2023-03-11 02:00:00,0.0,0.0,0.0,0.0,0.0,0.0,0.0,0.0,0.0,0.0,0.0,0.0,0.0,0.0,0.0,0.0,0.0,0.0,0.0,0.0
2023-03-11 03:00:00,0.0,0.0,0.0,0.0,0.0,0.0,0.0,0.0,0.0,0.0,0.0,0.0,0.0,0.0,0.0,0.0,0.0,0.0,0.0,0.0
2023-03-11 04:00:00,0.0,0.0,0.0,0.0,0.0,0.0,0.0,0.0,0.0,0.0,0.0,0.0,0.0,0.0,0.0,0.0,0.0,0.0,0.0,0.0
2023-03-11 05:00:00,0.0,0.0,0.0,0.0,0.0,0.0,0.0,0.0,0.0,0.0,0.0,0.0,0.0,0.0,0.0,0.0,0.0,0.0,0.0,0.0
2023-03-11 06:00:00,0.0,0.0024287596156213416,0.0,0.0021746112960700833,0.0,0.0,0.0,0.0,0.0,0.0025734292405098446,0.0,0.0,0.0,0.003038565573082728,0.003697545588459197,0.0,0.0,0.0,0.0029933162675419966,0.0
2023-03-11 07:00:00,0.0027847177928689145,0.0,0.0,0.0,0.0022805303356060484,0.0,0.0,0.0023087579405095832,0.0,0.0,0.001841523899523209,0.0022969827274807618,0.0,0.0,0.0,0.0,0.0020352711554071463,0.0,0.0,0.002240052838138875
2023-03-11 08:00:00,0.0,0.0,0.002082564624900532,0.0,0.0,0.0022759076899110907,0.001644680183728316,0.0,0.0021058323243319213,0.0,0.0,0.0,0.0,0.0,0.0,0.0028025607919763876,0.0,0.003197770474675309,0.0,0.0
2023-03-11 09:00:00,0.0,0.0,0.0,0.0,0.0,0.0,0.0,0.0,0.0,0.0,0.0,0.0,0.0,0.0,0.0,0.0,0.0,0.0,0.0,0.0
2023-03-11 10:00:00,0.0,0.0,0.0,0.0,0.0,0.0,0.0,0.0,0.0,0.0,0.0,0.0,0.0,0.0,0.0,0.0,0.0,0.0,0.0,0.0
2023-03-11 11:00:00,0.0,0.0,0.0,0.0,0.0,0.0,0.0,0.0,0.0,0.0,0.0,0.0,0.0,0.0,0.0,0.0,0.0,0.0,0.0,0.0
2023-03-11 12:00:00,0.0,0.0,0.0,0.0,0.0,0.0,0.0,0.0,0.0,0.0,0.0,0.0,0.0,0.0,0.0,0.0,0.0,0.0,0.0,0.0
2023-03-11 13:00:00,0.0,0.0,0.0,0.0,0.0,0.0,0.0,0.0,0.0,0.0,0.0,0.0,0.0,0.0,0.0,0.0,0.0,0.0,0.0,0.0
2023-03-11 14:00:00,0.0,0.0,0.0,0.0,0.0,0.0,0.0,0.0,0.0,0.0,0.0,0.0,0.0,0.0,0.0,0.0,0.0,0.0,0.0,0.0
2023-03-11 15:00:00,0.0,0.0,0.0,0.0,0.0,0.0,0.0,0.0,0.0,0.0,0.0,0.0,0.0,0.0,0.0,0.0,0.0,0.0,0.0,0.0
2023-03-11 16:00:00,0.0034485485224830313,0.0,0.0,0.0,0.0,0.0,0.0,0.0,0.0,0.004575258401967961,0.0028388532093996774,0.0,0.0,0.003930170972796072,0.0,0.005004551865393435,0.003468932346894586,0.0,0.0036783216958948843,0.0
2023-03-11 17:00:00,0.0,0.0044290162357016796,0.0,0.0032921518699800265,0.0,0.0035131169747797944,0.0,0.004254560223440205,0.002731414649532858,0.0,0.0,0.0,0.0,0.0,0.0,0.0,0.0,0.0042879112939098775,0.0,0.0032850952817302203
2023-03-11 18:00:00,0.0,0.0,0.003664416924460481,0.0,0.00403569869969649,0.0,0.0030213133207148512,0.0,0.0,0.0,0.0,0.003774036487633462,0.0,0.0,0.004582860149725572,0.0,0.0,0.0,0.0,0.0
2023-03-11 19:00:00,0.0,0.0,0.0,0.0,0.0,0.0,0.0,0.0,0.0,0.0,0.0,0.0,0.0,0.0,0.0,0.0,0.0,0.0,0.0,0.0
2023-03-11 20:00:00,0.0,0.0,0.0,0.0,0.0,0.0,0.0,0.0,0.0,0.0,0.0,0.0,0.0,0.0,0.0,0.0,0.0,0.0,0.0,0.0
2023-03-11 21:00:00,0.0,0.0,0.0,0.0,0.0,0.0,0.0,0.0,0.0,0.0,0.0,0.0,0.0,0.0,0.0,0.0,0.0,0.0,0.0,0.0
2023-03-11 22:00:00,0.0,0.0,0.0,0.0,0.0,0.0,0.0,0.0,0.0,0.0,0.0,0.0,0.0,0.0,0.0,0.0,0.0,0.0,0.0,0.0
2023-03-11 23:00:00,0.0,0.0,0.0,0.0,0.0,0.0,0.0,0.0,0.0,0.0,0.0,0.0,0.0,0.0,0.0,0.0,0.0,0.0,0.0,0.0
2023-03-12 00:00:00,0.0,0.0,0.0,0.0,0.0,0.0,0.0,0.0,0.0,0.0,0.0,0.0,0.0,0.0,0.0,0.0,0.0,0.0,0.0,0.0
2023-03-12 01:00:00,0.0,0.0,0.0,0.0,0.0,0.0,0.0,0.0,0.0,0.0,0.0,0.0,0.0,0.0,0.0,0.0,0.0,0.0,0.0,0.0
2023-03-12 02:00:00,0.0,0.0,0.0,0.0,0.0,0.0,0.0,0.0,0.0,0.0,0.0,0.0,0.0,0.0,0.0,0.0,0.0,0.0,0.0,0.0
2023-03-12 03:00:00,0.0,0.0,0.0,0.0,0.0,0.0,0.0,0.0,0.0,0.0,0.0,0.0,0.0,0.0,0.0,0.0,0.0,0.0,0.0,0.0
2023-03-12 04:00:00,0.0,0.0,0.0,0.0,0.0,0.0,0.0,0.0,0.0,0.0,0.0,0.0,0.0,0.0,0.0,0.0,0.0,0.0,0.0,0.0
2023-03-12 05:00:00,0.0,0.0,0.0,0.0,0.0,0.0,0.0,0.0,0.0,0.0,0.0,0.0,0.0,0.0,0.0,0.0,0.0,0.0,0.0,0.0
2023-03-12 06:00:00,0.0,0.0,0.002457589658252434,0.0,0.0,0.0,0.0019846062181132626,0.0,0.0,0.0024695296942767045,0.0017462581145073358,0.0,0.0,0.0,0.0,0.00358103350490062,0.0,0.0,0.0028465639885897035,0.0
2023-03-12 07:00:00,0.0,0.0,0.0,0.0,0.0,0.0,0.0,0.0030179952508779437,0.0,0.0,0.0,0.0,0.0,0.0,0.0,0.0,0.0,0.0,0.0,0.0
2023-03-12 08:00:00,0.0,0.002410415251497386,0.0,0.00220597308536372,0.0,0.0,0.0,0.0,0.0,0.0,0.0,0.0,0.0,0.0027399526219926283,0.0,0.0,0.0028322638147103606,0.0028389035003129975,0.0,0.0
2023-03-12 09:00:00,0.0021369061804664656,0.0,0.0,0.0,0.0024741351624060002,0.0021512201418155455,0.0,0.0,0.002229828416786287,0.0,0.0,0.0030588659765884447,0.0,0.0,0.003437696236741501,0.0,0.0,0.0,0.0,0.0025972101883757442
2023-03-12 10:00:00,0.0,0.0,0.0,0.0,0.0,0.0,0.0,0.0,0.0,0.0,0.0,0.0,0.0,0.0,0.0,0.0,0.0,0.0,0.0,0.0
2023-03-12 11:00:00,0.0,0.0,0.0,0.0,0.0,0.0,0.0,0.0,0.0,0.0,0.0,0.0,0.0,0.0,0.0,0.0,0.0,0.0,0.0,0.0
2023-03-12 12:00:00,0.0,0.0,0.0,0.0,0.0,0.0,0.0,0.0,0.0,0.0,0.0,0.0,0.0,0.0,0.0,0.0,0.0,0.0,0.0,0.0
2023-03-12 13:00:00,0.0,0.0,0.0,0.0,0.0,0.0,0.0,0.0,0.0,0.0,0.0,0.0,0.0,0.0,0.0,0.0,0.0,0.0,0.0,0.0
2023-03-12 14:00:00,0.0,0.0,0.0,0.0,0.0,0.0,0.0,0.0,0.0,0.0,0.0,0.0,0.0,0.0,0.0,0.0,0.0,0.0,0.0,0.0
2023-03-12 15:00:00,0.0,0.0,0.0,0.0,0.0,0.0,0.0,0.0,0.0,0.0,0.0,0.0,0.0,0.0,0.0,0.0,0.0,0.0,0.0,0.0
2023-03-12 16:00:00,0.0032463313454965913,0.004203384318995682,0.0,0.0,0.0,0.0,0.0,0.0,0.0,0.0,0.0,0.0,0.0,0.0,0.0,0.0,0.0,0.004806790568536981,0.003659066425450553,0.0037012764916728186
2023-03-12 17:00:00,0.0,0.0,0.004008137341869019,0.0034978830207616617,0.0,0.0,0.00322770615817556,0.004834634442075154,0.0,0.0,0.0021759345430436405,0.005202707187808402,0.0,0.0049667821868992195,0.005884593528299896,0.0,0.0,0.0,0.0,0.0
2023-03-12 18:00:00,0.0,0.0,0.0,0.0,0.004064435215376749,0.0032097565144843868,0.0,0.0,0.0029886623174282564,0.004539926722385425,0.0,0.0,0.0,0.0,0.0,0.005493896437030928,0.0036299231284793805,0.0,0.0,0.0
2023-03-12 19:00:00,0.0,0.0,0.0,0.0,0.0,0.0,0.0,0.0,0.0,0.0,0.0,0.0,0.0,0.0,0.0,0.0,0.0,0.0,0.0,0.0
2023-03-12 20:00:00,0.0,0.0,0.0,0.0,0.0,0.0,0.0,0.0,0.0,0.0,0.0,0.0,0.0,0.0,0.0,0.0,0.0,0.0,0.0,0.0
2023-03-12 21:00:00,0.0,0.0,0.0,0.0,0.0,0.0,0.0,0.0,0.0,0.0,0.0,0.0,0.0,0.0,0.0,0.0,0.0,0.0,0.0,0.0
2023-03-12 22:00:00,0.0,0.0,0.0,0.0,0.0,0.0,0.0,0.0,0.0,0.0,0.0,0.0,0.0,0.0,0.0,0.0,0.0,0.0,0.0,0.0
2023-03-12 23:00:00,0.0,0.0,0.0,0.0,0.0,0.0,0.0,0.0,0.0,0.0,0.0,0.0,0.0,0.0,0.0,0.0,0.0,0.0,0.0,0.0
2023-03-13 00:00:00,0.0,0.0,0.0,0.0,0.0,0.0,0.0,0.0,0.0,0.0,0.0,0.0,0.0,0.0,0.0,0.0,0.0,0.0,0.0,0.0
2023-03-13 01:00:00,0.0,0.0,0.0,0.0,0.0,0.0,0.0,0.0,0.0,0.0,0.0,0.0,0.0,0.0,0.0,0.0,0.0,0.0,0.0,0.0
2023-03-13 02:00:00,0.0,0.0,0.0,0.0,0.0,0.0,0.0,0.0,0.0,0.0,0.0,0.0,0.0,0.0,0.0,0.0,0.0,0.0,0.0,0.0
2023-03-13 03:00:00,0.0,0.0,0.0,0.0,0.0,0.0,0.0,0.0,0.0,0.0,0.0,0.0,0.0,0.0,0.0,0.0,0.0,0.0,0.0,0.0
2023-03-13 04:00:00,0.0,0.0,0.0,0.0,0.0,0.0,0.0,0.0,0.0,0.0,0.0,0.0,0.0,0.0,0.0,0.0,0.0,0.0,0.0,0.0
2023-03-13 05:00:00,0.0,0.0,0.0,0.0,0.0,0.0,0.0,0.0,0.0,0.0,0.0,0.0,0.0,0.0,0.0,0.0,0.0,0.0,0.0,0.0
2023-03-13 06:00:00,0.0,0.0,0.0,0.002306875118318349,0.0021521966014403007,0.0,0.0016145895928745507,0.0,0.0,0.0,0.0,0.0,0.0,0.0,0.0036403528198124518,0.0,0.0,0.0,0.0,0.0
2023-03-13 07:00:00,0.001923041726629258,0.002696260379065539,0.0,0.0,0.0,0.0,0.0,0.0,0.0,0.0,0.001996334520118814,0.0,0.0,0.00303908695347817,0.0,0.003014669968185732,0.0,0.0,0.0,0.0
2023-03-13 08:00:00,0.0,0.0,0.0031996469945809363,0.0,0.0,0.0,0.0,0.00375038148263667,0.002403523121726676,0.0,0.0,0.0034147080371569626,0.0,0.0,0.0,0.0,0.0,0.0,0.0029190949479122263,0.002713275664009071
2023-03-13 09:00:00,0.0,0.0,0.0,0.0,0.0,0.002897971093121613,0.0,0.0,0.0,0.0025624818531042527,0.0,0.0,0.0,0.0,0.0,0.0,0.0025428227964926844,0.003116129616817513,0.0,0.0
2023-03-13 10:00:00,0.0,0.0,0.0,0.0,0.0,0.0,0.0,0.0,0.0,0.0,0.0,0.0,0.0,0.0,0.0,0.0,0.0,0.0,0.0,0.0
2023-03-13 11:00:00,0.0,0.0,0.0,0.0,0.0,0.0,0.0,0.0,0.0,0.0,0.0,0.0,0.0,0.0,0.0,0.0,0.0,0.0,0.0,0.0
2023-03-13 12:00:00,0.0,0.0,0.0,0.0,0.0,0.0,0.0,0.0,0.0,0.0,0.0,0.0,0.0,0.0,0.0,0.0,0.0,0.0,0.0,0.0
2023-03-13 13:00:00,0.0,0.0,0.0,0.0,0.0,0.0,0.0,0.0,0.0,0.0,0.0,0.0,0.0,0.0,0.0,0.0,0.0,0.0,0.0,0.0
2023-03-13 14:00:00,0.0,0.0,0.0,0.0,0.0,0.0,0.0,0.0,0.0,0.0,0.0,0.0,0.0,0.0,0.0,0.0,0.0,0.0,0.0,0.0
2023-03-13 15:00:00,0.0,0.0,0.0,0.0,0.0,0.0,0.0,0.0,0.0,0.0,0.0,0.0,0.0,0.0,0.0,0.0,0.0,0.0,0.0,0.0
2023-03-13 16:00:00,0.002913941304842264,0.0,0.003981496495323435,0.0,0.0,0.0,0.0,0.0,0.0,0.0,0.0,0.0,0.0,0.0043544126060361486,0.005755405869708206,0.005512967646966139,0.0,0.003817728172468293,0.0,0.0
2023-03-13 17:00:00,0.0,0.0,0.0,0.0,0.002631414206422452,0.003656956752857388,0.0,0.005069971317712969,0.00303579651004142,0.0,0.0034528059968030184,0.004253757024437297,0.0,0.0,0.0,0.0,0.00437608295396979,0.0,0.0,0.0
2023-03-13 18:00:00,0.0,0.0046493113096969995,0.0,0.0036395006462453163,0.0,0.0,0.0026590476366525144,0.0,0.0,0.003510739394772196,0.0,0.0,0.0,0.0,0.0,0.0,0.0,0.0,0.004598952868649379,0.003785976823896949
2023-03-13 19:00:00,0.0,0.0,0.0,0.0,0.0,0.0,0.0,0.0,0.0,0.0,0.0,0.0,0.0,0.0,0.0,0.0,0.0,0.0,0.0,0.0
2023-03-13 20:00:00,0.0,0.0,0.0,0.0,0.0,0.0,0.0,0.0,0.0,0.0,0.0,0.0,0.0,0.0,0.0,0.0,0.0,0.0,0.0,0.0
2023-03-13 21:00:00,0.0,0.0,0.0,0.0,0.0,0.0,0.0,0.0,0.0,0.0,0.0,0.0,0.0,0.0,0.0,0.0,0.0,0.0,0.0,0.0
2023-03-13 22:00:00,0.0,0.0,0.0,0.0,0.0,0.0,0.0,0.0,0.0,0.0,0.0,0.0,0.0,0.0,0.0,0.0,0.0,0.0,0.0,0.0
2023-03-13 23:00:00,0.0,0.0,0.0,0.0,0.0,0.0,0.0,0.0,0.0,0.0,0.0,0.0,0.0,0.0,0.0,0.0,0.0,0.0,0.0,0.0
2023-03-14 00:00:00,0.0,0.0,0.0,0.0,0.0,0.0,0.0,0.0,0.0,0.0,0.0,0.0,0.0,0.0,0.0,0.0,0.0,0.0,0.0,0.0
2023-03-14 01:00:00,0.0,0.0,0.0,0.0,0.0,0.0,0.0,0.0,0.0,0.0,0.0,0.0,0.0,0.0,0.0,0.0,0.0,0.0,0.0,0.0
2023-03-14 02:00:00,0.0,0.0,0.0,0.0,0.0,0.0,0.0,0.0,0.0,0.0,0.0,0.0,0.0,0.0,0.0,0.0,0.0,0.0,0.0,0.0
2023-03-14 03:00:00,0.0,0.0,0.0,0.0,0.0,0.0,0.0,0.0,0.0,0.0,0.0,0.0,0.0,0.0,0.0,0.0,0.0,0.0,0.0,0.0
2023-03-14 04:00:00,0.0,0.0,0.0,0.0,0.0,0.0,0.0,0.0,0.0,0.0,0.0,0.0,0.0,0.0,0.0,0.0,0.0,0.0,0.0,0.0
2023-03-14 05:00:00,0.0,0.0,0.0,0.0,0.0,0.0,0.0,0.0,0.0,0.0,0.0,0.0,0.0,0.0,0.0,0.0,0.0,0.0,0.0,0.0
2023-03-14 06:00:00,0.00238711940571171,0.0,0.0,0.0,0.0,0.002461015129216649,0.0,0.0,0.002817172195539082,0.0,0.0,0.0026409635674850456,0.0,0.0,0.003653838936745352,0.0,0.0,0.0,0.0029559937030285456,0.0019752079419849923
2023-03-14 07:00:00,0.0,0.0,0.0,0.0,0.0,0.0,0.0,0.0029940935087187947,0.0,0.0023365044428298593,0.0,0.0,0.0,0.0,0.0,0.0,0.002309522700941555,0.0,0.0,0.0
2023-03-14 08:00:00,0.0,0.0028185565879145537,0.0027802498055255853,0.002610656087606871,0.002160852328507445,0.0,0.0,0.0,0.0,0.0,0.0,0.0,0.0,0.004176783867382919,0.0,0.0,0.0,0.0023930515611653336,0.0,0.0
2023-03-14 09:00:00,0.0,0.0,0.0,0.0,0.0,0.0,0.0025131192651753937,0.0,0.0,0.0,0.0015288951853214855,0.0,0.0,0.0,0.0,0.0032229481020099567,0.0,0.0,0.0,0.0
2023-03-14 10:00:00,0.0,0.0,0.0,0.0,0.0,0.0,0.0,0.0,0.0,0.0,0.0,0.0,0.0,0.0,0.0,0.0,0.0,0.0,0.0,0.0
2023-03-14 11:00:00,0.0,0.0,0.0,0.0,0.0,0.0,0.0,0.0,0.0,0.0,0.0,0.0,0.0,0.0,0.0,0.0,0.0,0.0,0.0,0.0
2023-03-14 12:00:00,0.0,0.0,0.0,0.0,0.0,0.0,0.0,0.0,0.0,0.0,0.0,0.0,0.0,0.0,0.0,0.0,0.0,0.0,0.0,0.0
2023-03-14 13:00:00,0.0,0.0,0.0,0.0,0.0,0.0,0.0,0.0,0.0,0.0,0.0,0.0,0.0,0.0,0.0,0.0,0.0,0.0,0.0,0.0
2023-03-14 14:00:00,0.0,0.0,0.0,0.0,0.0,0.0,0.0,0.0,0.0,0.0,0.0,0.0,0.0,0.0,0.0,0.0,0.0,0.0,0.0,0.0
2023-03-14 15:00:00,0.0,0.0,0.0,0.0,0.0,0.0,0.0,0.0,0.0,0.0,0.0,0.0,0.0,0.0,0.0,0.0,0.0,0.0,0.0,0.0
2023-03-14 16:00:00,0.0,0.0,0.0,0.0,0.0,0.0032624483571619322,0.0,0.003815312196453227,0.0,0.0,0.0025446992305400646,0.003760630301237842,0.0,0.00525233174068029,0.0,0.003977986190019605,0.004022402142479895,0.0,0.0,0.0
2023-03-14 17:00:00,0.0,0.004508326647363988,0.005107298087715881,0.0,0.0,0.0,0.0030942615420043273,0.0,0.0034646390684651895,0.0037813886907664797,0.0,0.0,0.0,0.0,0.0055225947957282,0.0,0.0,0.0,0.0,0.0030293235852684028
2023-03-14 18:00:00,0.0036759420531801853,0.0,0.0,0.003257492840975252,0.003857496093922855,0.0,0.0,0.0,0.0,0.0,0.0,0.0,0.0,0.0,0.0,0.0,0.0,0.0035614206634161927,0.00482023514616571,0.0
2023-03-14 19:00:00,0.0,0.0,0.0,0.0,0.0,0.0,0.0,0.0,0.0,0.0,0.0,0.0,0.0,0.0,0.0,0.0,0.0,0.0,0.0,0.0
2023-03-14 20:00:00,0.0,0.0,0.0,0.0,0.0,0.0,0.0,0.0,0.0,0.0,0.0,0.0,0.0,0.0,0.0,0.0,0.0,0.0,0.0,0.0
2023-03-14 21:00:00,0.0,0.0,0.0,0.0,0.0,0.0,0.0,0.0,0.0,0.0,0.0,0.0,0.0,0.0,0.0,0.0,0.0,0.0,0.0,0.0
2023-03-14 22:00:00,0.0,0.0,0.0,0.0,0.0,0.0,0.0,0.0,0.0,0.0,0.0,0.0,0.0,0.0,0.0,0.0,0.0,0.0,0.0,0.0
2023-03-14 23:00:00,0.0,0.0,0.0,0.0,0.0,0.0,0.0,0.0,0.0,0.0,0.0,0.0,0.0,0.0,0.0,0.0,0.0,0.0,0.0,0.0
2023-03-15 00:00:00,0.0,0.0,0.0,0.0,0.0,0.0,0.0,0.0,0.0,0.0,0.0,0.0,0.0,0.0,0.0,0.0,0.0,0.0,0.0,0.0
2023-03-15 01:00:00,0.0,0.0,0.0,0.0,0.0,0.0,0.0,0.0,0.0,0.0,0.0,0.0,0.0,0.0,0.0,0.0,0.0,0.0,0.0,0.0
2023-03-15 02:00:00,0.0,0.0,0.0,0.0,0.0,0.0,0.0,0.0,0.0,0.0,0.0,0.0,0.0,0.0,0.0,0.0,0.0,0.0,0.0,0.0
2023-03-15 03:00:00,0.0,0.0,0.0,0.0,0.0,0.0,0.0,0.0,0.0,0.0,0.0,0.0,0.0,0.0,0.0,0.0,0.0,0.0,0.0,0.0
2023-03-15 04:00:00,0.0,0.0,0.0,0.0,0.0,0.0,0.0,0.0,0.0,0.0,0.0,0.0,0.0,0.0,0.0,0.0,0.0,0.0,0.0,0.0
2023-03-15 05:00:00,0.0,0.0,0.0,0.0,0.0,0.0,0.0,0.0,0.0,0.0,0.0,0.0,0.0,0.0,0.0,0.0,0.0,0.0,0.0,0.0
2023-03-15 06:00:00,0.0,0.0,0.0,0.0,0.0,0.0025736666356831112,0.0,0.0,0.0,0.0025776914207266736,0.0017269040833068937,0.0,0.0,0.0,0.0,0.0,0.0,0.0,0.0,0.0
2023-03-15 07:00:00,0.0,0.0025601728824092675,0.0,0.002426540135336163,0.0017236959171040432,0.0,0.0,0.0030559323279632337,0.0,0.0,0.0,0.0032945885281031625,0.0,0.0024872183932602675,0.0,0.0,0.0,0.0021944484407318697,0.0025878193584166335,0.0018742244871976087
2023-03-15 08:00:00,0.0,0.0,0.0025613540638732635,0.0,0.0,0.0,0.0022477735404953323,0.0,0.0025918839816012973,0.0,0.0,0.0,0.0,0.0,0.0,0.0,0.002139156765838879,0.0,0.0,0.0
2023-03-15 09:00:00,0.002337825168007761,0.0,0.0,0.0,0.0,0.0,0.0,0.0,0.0,0.0,0.0,0.0,0.0,0.0,0.003998476357069028,0.0036433101110817543,0.0,0.0,0.0,0.0
2023-03-15 10:00:00,0.0,0.0,0.0,0.0,0.0,0.0,0.0,0.0,0.0,0.0,0.0,0.0,0.0,0.0,0.0,0.0,0.0,0.0,0.0,0.0
2023-03-15 11:00:00,0.0,0.0,0.0,0.0,0.0,0.0,0.0,0.0,0.0,0.0,0.0,0.0,0.0,0.0,0.0,0.0,0.0,0.0,0.0,0.0
2023-03-15 12:00:00,0.0,0.0,0.0,0.0,0.0,0.0,0.0,0.0,0.0,0.0,0.0,0.0,0.0,0.0,0.0,0.0,0.0,0.0,0.0,0.0
2023-03-15 13:00:00,0.0,0.0,0.0,0.0,0.0,0.0,0.0,0.0,0.0,0.0,0.0,0.0,0.0,0.0,0.0,0.0,0.0,0.0,0.0,0.0
2023-03-15 14:00:00,0.0,0.0,0.0,0.0,0.0,0.0,0.0,0.0,0.0,0.0,0.0,0.0,0.0,0.0,0.0,0.0,0.0,0.0,0.0,0.0
2023-03-15 15:00:00,0.0,0.0,0.0,0.0,0.0,0.0,0.0,0.0,0.0,0.0,0.0,0.0,0.0,0.0,0.0,0.0,0.0,0.0,0.0,0.0
2023-03-15 16:00:00,0.0,0.0,0.004541882043757018,0.0,0.002884096503076429,0.003869937180739237,0.0,0.0,0.0,0.0,0.0021829065416718186,0.0,0.0,0.0,0.0,0.0,0.0,0.0,0.0,0.0
2023-03-15 17:00:00,0.0,0.003181980041804068,0.0,0.003911785862127264,0.0,0.0,0.0,0.0038750892300929264,0.0,0.004016320140590926,0.0,0.0,0.0,0.004392432547914056,0.005736781797362131,0.0,0.0037582622584535494,0.0,0.0037141550630176005,0.0031608083830124336
2023-03-15 18:00:00,0.003794389773313475,0.0,0.0,0.0,0.0,0.0,0.003026916384002421,0.0,0.00419599727863562,0.0,0.0,0.005153775935795879,0.0,0.0,0.0,0.004569414870865046,0.0,0.0034392261277931126,0.0,0.0
2023-03-15 19:00:00,0.0,0.0,0.0,0.0,0.0,0.0,0.0,0.0,0.0,0.0,0.0,0.0,0.0,0.0,0.0,0.0,0.0,0.0,0.0,0.0
2023-03-15 20:00:00,0.0,0.0,0.0,0.0,0.0,0.0,0.0,0.0,0.0,0.0,0.0,0.0,0.0,0.0,0.0,0.0,0.0,0.0,0.0,0.0
2023-03-15 21:00:00,0.0,0.0,0.0,0.0,0.0,0.0,0.0,0.0,0.0,0.0,0.0,0.0,0.0,0.0,0.0,0.0,0.0,0.0,0.0,0.0
2023-03-15 22:00:00,0.0,0.0,0.0,0.0,0.0,0.0,0.0,0.0,0.0,0.0,0.0,0.0,0.0,0.0,0.0,0.0,0.0,0.0,0.0,0.0
2023-03-15 23:00:00,0.0,0.0,0.0,0.0,0.0,0.0,0.0,0.0,0.0,0.0,0.0,0.0,0.0,0.0,0.0,0.0,0.0,0.0,0.0,0.0
2023-03-16 00:00:00,0.0,0.0,0.0,0.0,0.0,0.0,0.0,0.0,0.0,0.0,0.0,0.0,0.0,0.0,0.0,0.0,0.0,0.0,0.0,0.0
2023-03-16 01:00:00,0.0,0.0,0.0,0.0,0.0,0.0,0.0,0.0,0.0,0.0,0.0,0.0,0.0,0.0,0.0,0.0,0.0,0.0,0.0,0.0
2023-03-16 02:00:00,0.0,0.0,0.0,0.0,0.0,0.0,0.0,0.0,0.0,0.0,0.0,0.0,0.0,0.0,0.0,0.0,0.0,0.0,0.0,0.0
2023-03-16 03:00:00,0.0,0.0,0.0,0.0,0.0,0.0,0.0,0.0,0.0,0.0,0.0,0.0,0.0,0.0,0.0,0.0,0.0,0.0,0.0,0.0
2023-03-16 04:00:00,0.0,0.0,0.0,0.0,0.0,0.0,0.0,0.0,0.0,0.0,0.0,0.0,0.0,0.0,0.0,0.0,0.0,0.0,0.0,0.0
2023-03-16 05:00:00,0.0,0.0,0.0,0.0,0.0,0.0,0.0,0.0,0.0,0.0,0.0,0.0,0.0,0.0,0.0,0.0,0.0,0.0,0.0,0.0
2023-03-16 06:00:00,0.0,0.0,0.0029136826381407463,0.003022092196711236,0.0023320692500403482,0.0,0.0,0.0,0.0,0.002975502430332723,0.0,0.0,0.0,0.0,0.003031004142116092,0.0,0.0,0.0023592014278958915,0.0,0.0
2023-03-16 07:00:00,0.0,0.0028301336460804234,0.0,0.0,0.0,0.0,0.0,0.0,0.0,0.0,0.0,0.0,0.0,0.0,0.0,0.0025910811465652615,0.002467147887891726,0.0,0.002689430855550674,0.0
2023-03-16 08:00:00,0.0,0.0,0.0,0.0,0.0,0.0,0.0025852925329905518,0.0033437243667689227,0.002332131847976139,0.0,0.0,0.0022399440205764457,0.0,0.0,0.0,0.0,0.0,0.0,0.0,0.0
2023-03-16 09:00:00,0.0024761407747814403,0.0,0.0,0.0,0.0,0.0020431594166522293,0.0,0.0,0.0,0.0,0.001908130958982248,0.0,0.0,0.0030149831101325933,0.0,0.0,0.0,0.0,0.0,0.0024733250132796293
2023-03-16 10:00:00,0.0,0.0,0.0,0.0,0.0,0.0,0.0,0.0,0.0,0.0,0.0,0.0,0.0,0.0,0.0,0.0,0.0,0.0,0.0,0.0
2023-03-16 11:00:00,0.0,0.0,0.0,0.0,0.0,0.0,0.0,0.0,0.0,0.0,0.0,0.0,0.0,0.0,0.0,0.0,0.0,0.0,0.0,0.0
2023-03-16 12:00:00,0.0,0.0,0.0,0.0,0.0,0.0,0.0,0.0,0.0,0.0,0.0,0.0,0.0,0.0,0.0,0.0,0.0,0.0,0.0,0.0
2023-03-16 13:00:00,0.0,0.0,0.0,0.0,0.0,0.0,0.0,0.0,0.0,0.0,0.0,0.0,0.0,0.0,0.0,0.0,0.0,0.0,0.0,0.0
2023-03-16 14:00:00,0.0,0.0,0.0,0.0,0.0,0.0,0.0,0.0,0.0,0.0,0.0,0.0,0.0,0.0,0.0,0.0,0.0,0.0,0.0,0.0
2023-03-16 15:00:00,0.0,0.0,0.0,0.0,0.0,0.0,0.0,0.0,0.0,0.0,0.0,0.0,0.0,0.0,0.0,0.0,0.0,0.0,0.0,0.0
2023-03-16 16:00:00,0.003893388604824199,0.0,0.0,0.0,0.0,0.002662420065732778,0.0,0.0,0.0,0.004523923520301677,0.0,0.0,0.0,0.0,0.004705848052275406,0.004709553565073923,0.0,0.004036315095419328,0.004941349021854648,0.0
2023-03-16 17:00:00,0.0,0.00506924377321071,0.003610122429434835,0.0,0.0,0.0,0.0,0.0048301523598833695,0.0039431874143117844,0.0,0.002904288103002095,0.0,0.0,0.0,0.0,0.0,0.00444376285935718,0.0,0.0,0.0
2023-03-16 18:00:00,0.0,0.0,0.0,0.0042555204068652494,0.003973881170112302,0.0,0.003207156901958197,0.0,0.0,0.0,0.0,0.003503411697053063,0.0,0.003912218798835596,0.0,0.0,0.0,0.0,0.0,0.004145042469861807
2023-03-16 19:00:00,0.0,0.0,0.0,0.0,0.0,0.0,0.0,0.0,0.0,0.0,0.0,0.0,0.0,0.0,0.0,0.0,0.0,0.0,0.0,0.0
2023-03-16 20:00:00,0.0,0.0,0.0,0.0,0.0,0.0,0.0,0.0,0.0,0.0,0.0,0.0,0.0,0.0,0.0,0.0,0.0,0.0,0.0,0.0
2023-03-16 21:00:00,0.0,0.0,0.0,0.0,0.0,0.0,0.0,0.0,0.0,0.0,0.0,0.0,0.0,0.0,0.0,0.0,0.0,0.0,0.0,0.0
2023-03-16 22:00:00,0.0,0.0,0.0,0.0,0.0,0.0,0.0,0.0,0.0,0.0,0.0,0.0,0.0,0.0,0.0,0.0,0.0,0.0,0.0,0.0
2023-03-16 23:00:00,0.0,0.0,0.0,0.0,0.0,0.0,0.0,0.0,0.0,0.0,0.0,0.0,0.0,0.0,0.0,0.0,0.0,0.0,0.0,0.0
2023-03-17 00:00:00,0.0,0.0,0.0,0.0,0.0,0.0,0.0,0.0,0.0,0.0,0.0,0.0,0.0,0.0,0.0,0.0,0.0,0.0,0.0,0.0
2023-03-17 01:00:00,0.0,0.0,0.0,0.0,0.0,0.0,0.0,0.0,0.0,0.0,0.0,0.0,0.0,0.0,0.0,0.0,0.0,0.0,0.0,0.0
2023-03-17 02:00:00,0.0,0.0,0.0,0.0,0.0,0.0,0.0,0.0,0.0,0.0,0.0,0.0,0.0,0.0,0.0,0.0,0.0,0.0,0.0,0.0
2023-03-17 03:00:00,0.0,0.0,0.0,0.0,0.0,0.0,0.0,0.0,0.0,0.0,0.0,0.0,0.0,0.0,0.0,0.0,0.0,0.0,0.0,0.0
2023-03-17 04:00:00,0.0,0.0,0.0,0.0,0.0,0.0,0.0,0.0,0.0,0.0,0.0,0.0,0.0,0.0,0.0,0.0,0.0,0.0,0.0,0.0
2023-03-17 05:00:00,0.0,0.0,0.0,0.0,0.0,0.0,0.0,0.0,0.0,0.0,0.0,0.0,0.0,0.0,0.0,0.0,0.0,0.0,0.0,0.0
2023-03-17 06:00:00,0.0,0.003137718175548772,0.0,0.0026742857340240006,0.002133119892336017,0.0,0.0,0.0,0.0,0.0,0.0,0.0029223346470923493,0.0,0.003706114126182528,0.00395751956484376,0.0024889503677218957,0.0030195142289592253,0.0,0.0,0.0
2023-03-17 07:00:00,0.0,0.0,0.003404620927232269,0.0,0.0,0.0019857707147954715,0.0,0.002564203847419524,0.0,0.0,0.0,0.0,0.0,0.0,0.0,0.0,0.0,0.0,0.0,0.0
2023-03-17 08:00:00,0.0,0.0,0.0,0.0,0.0,0.0,0.0022058730240439913,0.0,0.0,0.0,0.0,0.0,0.0,0.0,0.0,0.0,0.0,0.0025863653708346236,0.0029718292611307776,0.0
2023-03-17 09:00:00,0.0022172865321600193,0.0,0.0,0.0,0.0,0.0,0.0,0.0,0.002000960688236438,0.0023650383155707807,0.0017225815056848813,0.0,0.0,0.0,0.0,0.0,0.0,0.0,0.0,0.0026170768769539794
2023-03-17 10:00:00,0.0,0.0,0.0,0.0,0.0,0.0,0.0,0.0,0.0,0.0,0.0,0.0,0.0,0.0,0.0,0.0,0.0,0.0,0.0,0.0
2023-03-17 11:00:00,0.0,0.0,0.0,0.0,0.0,0.0,0.0,0.0,0.0,0.0,0.0,0.0,0.0,0.0,0.0,0.0,0.0,0.0,0.0,0.0
2023-03-17 12:00:00,0.0,0.0,0.0,0.0,0.0,0.0,0.0,0.0,0.0,0.0,0.0,0.0,0.0,0.0,0.0,0.0,0.0,0.0,0.0,0.0
2023-03-17 13:00:00,0.0,0.0,0.0,0.0,0.0,0.0,0.0,0.0,0.0,0.0,0.0,0.0,0.0,0.0,0.0,0.0,0.0,0.0,0.0,0.0
2023-03-17 14:00:00,0.0,0.0,0.0,0.0,0.0,0.0,0.0,0.0,0.0,0.0,0.0,0.0,0.0,0.0,0.0,0.0,0.0,0.0,0.0,0.0
2023-03-17 15:00:00,0.0,0.0,0.0,0.0,0.0,0.0,0.0,0.0,0.0,0.0,0.0,0.0,0.0,0.0,0.0,0.0,0.0,0.0,0.0,0.0
2023-03-17 16:00:00,0.0038745742252541174,0.0,0.0,0.0037964111777310525,0.00389918140987867,0.003193424288553218,0.0,0.004289441834385956,0.003591269810163382,0.0037083395503754745,0.0,0.0,0.0,0.0,0.0051659887097323135,0.0,0.0,0.0,0.0,0.0
2023-03-17 17:00:00,0.0,0.003932675872941482,0.004505080405857332,0.0,0.0,0.0,0.0,0.0,0.0,0.0,0.0,0.0,0.0,0.0,0.0,0.004246818730494199,0.0,0.0,0.004341600705488745,0.0035256880189593063
2023-03-17 18:00:00,0.0,0.0,0.0,0.0,0.0,0.0,0.003897639715481401,0.0,0.0,0.0,0.002949156701573026,0.0044873432596858965,0.0,0.005499197372323539,0.0,0.0,0.0040885866312088195,0.003912992002910329,0.0,0.0
2023-03-17 19:00:00,0.0,0.0,0.0,0.0,0.0,0.0,0.0,0.0,0.0,0.0,0.0,0.0,0.0,0.0,0.0,0.0,0.0,0.0,0.0,0.0
2023-03-17 20:00:00,0.0,0.0,0.0,0.0,0.0,0.0,0.0,0.0,0.0,0.0,0.0,0.0,0.0,0.0,0.0,0.0,0.0,0.0,0.0,0.0
2023-03-17 21:00:00,0.0,0.0,0.0,0.0,0.0,0.0,0.0,0.0,0.0,0.0,0.0,0.0,0.0,0.0,0.0,0.0,0.0,0.0,0.0,0.0
2023-03-17 22:00:00,0.0,0.0,0.0,0.0,0.0,0.0,0.0,0.0,0.0,0.0,0.0,0.0,0.0,0.0,0.0,0.0,0.0,0.0,0.0,0.0
2023-03-17 23:00:00,0.0,0.0,0.0,0.0,0.0,0.0,0.0,0.0,0.0,0.0,0.0,0.0,0.0,0.0,0.0,0.0,0.0,0.0,0.0,0.0
2023-03-18 00:00:00,0.0,0.0,0.0,0.0,0.0,0.0,0.0,0.0,0.0,0.0,0.0,0.0,0.0,0.0,0.0,0.0,0.0,0.0,0.0,0.0
2023-03-18 01:00:00,0.0,0.0,0.0,0.0,0.0,0.0,0.0,0.0,0.0,0.0,0.0,0.0,0.0,0.0,0.0,0.0,0.0,0.0,0.0,0.0
2023-03-18 02:00:00,0.0,0.0,0.0,0.0,0.0,0.0,0.0,0.0,0.0,0.0,0.0,0.0,0.0,0.0,0.0,0.0,0.0,0.0,0.0,0.0
2023-03-18 03:00:00,0.0,0.0,0.0,0.0,0.0,0.0,0.0,0.0,0.0,0.0,0.0,0.0,0.0,0.0,0.0,0.0,0.0,0.0,0.0,0.0
2023-03-18 04:00:00,0.0,0.0,0.0,0.0,0.0,0.0,0.0,0.0,0.0,0.0,0.0,0.0,0.0,0.0,0.0,0.0,0.0,0.0,0.0,0.0
2023-03-18 05:00:00,0.0,0.0,0.0,0.0,0.0,0.0,0.0,0.0,0.0,0.0,0.0,0.0,0.0,0.0,0.0,0.0,0.0,0.0,0.0,0.0
2023-03-18 06:00:00,0.0,0.0,0.0,0.0,0.0,0.0,0.0,0.002810324836619052,0.0,0.0023123002194416044,0.0,0.0,0.0,0.0026034087529983644,0.0032898410919836732,0.0,0.0,0.0029858952736902472,0.0,0.0
2023-03-18 07:00:00,0.0,0.0,0.0,0.0,0.0,0.0,0.0,0.0,0.0,0.0,0.0022057382619967026,0.0,0.0,0.0,0.0,0.0,0.0027024479415678564,0.0,0.0,0.0
2023-03-18 08:00:00,0.0,0.0,0.0026418525793017824,0.0025869481795580086,0.0,0.0,0.0,0.0,0.0019924158740632393,0.0,0.0,0.0,0.0,0.0,0.0,0.00383848116049548,0.0,0.0,0.0,0.002484320072066638
2023-03-18 09:00:00,0.0019542609080858775,0.002644988855320521,0.0,0.0,0.0019130527560523736,0.002229440417089795,0.00210559859320697,0.0,0.0,0.0,0.0,0.003096618889520333,0.0,0.0,0.0,0.0,0.0,0.0,0.0021328827310664253,0.0
2023-03-18 10:00:00,0.0,0.0,0.0,0.0,0.0,0.0,0.0,0.0,0.0,0.0,0.0,0.0,0.0,0.0,0.0,0.0,0.0,0.0,0.0,0.0
2023-03-18 11:00:00,0.0,0.0,0.0,0.0,0.0,0.0,0.0,0.0,0.0,0.0,0.0,0.0,0.0,0.0,0.0,0.0,0.0,0.0,0.0,0.0
2023-03-18 12:00:00,0.0,0.0,0.0,0.0,0.0,0.0,0.0,0.0,0.0,0.0,0.0,0.0,0.0,0.0,0.0,0.0,0.0,0.0,0.0,0.0
2023-03-18 13:00:00,0.0,0.0,0.0,0.0,0.0,0.0,0.0,0.0,0.0,0.0,0.0,0.0,0.0,0.0,0.0,0.0,0.0,0.0,0.0,0.0
2023-03-18 14:00:00,0.0,0.0,0.0,0.0,0.0,0.0,0.0,0.0,0.0,0.0,0.0,0.0,0.0,0.0,0.0,0.0,0.0,0.0,0.0,0.0
2023-03-18 15:00:00,0.0,0.0,0.0,0.0,0.0,0.0,0.0,0.0,0.0,0.0,0.0,0.0,0.0,0.0,0.0,0.0,0.0,0.0,0.0,0.0
2023-03-18 16:00:00,0.0,0.004376529444454058,0.00486802562577831,0.0,0.0,0.003025336784008915,0.0,0.0036142816318102456,0.003669410042854733,0.0,0.0,0.0,0.0,0.004069833841129028,0.004230940126825564,0.0,0.0035524119986615654,0.0,0.0,0.0
2023-03-18 17:00:00,0.0026043940528970508,0.0,0.0,0.0,0.0,0.0,0.0030894289606254923,0.0,0.0,0.003213487614233259,0.0029944943215471998,0.005005014178252447,0.0,0.0,0.0,0.005669254909992229,0.0,0.0,0.0,0.0
2023-03-18 18:00:00,0.0,0.0,0.0,0.004400262738344411,0.002746196190973874,0.0,0.0,0.0,0.0,0.0,0.0,0.0,0.0,0.0,0.0,0.0,0.0,0.0041396628615447285,0.003409554442507355,0.0035459937363715
2023-03-18 19:00:00,0.0,0.0,0.0,0.0,0.0,0.0,0.0,0.0,0.0,0.0,0.0,0.0,0.0,0.0,0.0,0.0,0.0,0.0,0.0,0.0
2023-03-18 20:00:00,0.0,0.0,0.0,0.0,0.0,0.0,0.0,0.0,0.0,0.0,0.0,0.0,0.0,0.0,0.0,0.0,0.0,0.0,0.0,0.0
2023-03-18 21:00:00,0.0,0.0,0.0,0.0,0.0,0.0,0.0,0.0,0.0,0.0,0.0,0.0,0.0,0.0,0.0,0.0,0.0,0.0,0.0,0.0
2023-03-18 22:00:00,0.0,0.0,0.0,0.0,0.0,0.0,0.0,0.0,0.0,0.0,0.0,0.0,0.0,0.0,0.0,0.0,0.0,0.0,0.0,0.0
2023-03-18 23:00:00,0.0,0.0,0.0,0.0,0.0,0.0,0.0,0.0,0.0,0.0,0.0,0.0,0.0,0.0,0.0,0.0,0.0,0.0,0.0,0.0
2023-03-19 00:00:00,0.0,0.0,0.0,0.0,0.0,0.0,0.0,0.0,0.0,0.0,0.0,0.0,0.0,0.0,0.0,0.0,0.0,0.0,0.0,0.0
2023-03-19 01:00:00,0.0,0.0,0.0,0.0,0.0,0.0,0.0,0.0,0.0,0.0,0.0,0.0,0.0,0.0,0.0,0.0,0.0,0.0,0.0,0.0
2023-03-19 02:00:00,0.0,0.0,0.0,0.0,0.0,0.0,0.0,0.0,0.0,0.0,0.0,0.0,0.0,0.0,0.0,0.0,0.0,0.0,0.0,0.0
2023-03-19 03:00:00,0.0,0.0,0.0,0.0,0.0,0.0,0.0,0.0,0.0,0.0,0.0,0.0,0.0,0.0,0.0,0.0,0.0,0.0,0.0,0.0
2023-03-19 04:00:00,0.0,0.0,0.0,0.0,0.0,0.0,0.0,0.0,0.0,0.0,0.0,0.0,0.0,0.0,0.0,0.0,0.0,0.0,0.0,0.0
2023-03-19 05:00:00,0.0,0.0,0.0,0.0,0.0,0.0,0.0,0.0,0.0,0.0,0.0,0.0,0.0,0.0,0.0,0.0,0.0,0.0,0.0,0.0
2023-03-19 06:00:00,0.0,0.0,0.0,0.0,0.002211100815840179,0.0,0.002835523462472963,0.0,0.0,0.0028261492961524173,0.0,0.0,0.0,0.0,0.0,0.0,0.002217390266221933,0.0025388186579910752,0.0,0.0
2023-03-19 07:00:00,0.0,0.002818471214231426,0.0032786132639077235,0.0,0.0,0.002797086652776861,0.0,0.0,0.0027670739987037157,0.0,0.0,0.0,0.0,0.0,0.0032613417004081794,0.0,0.0,0.0,0.002134023339403017,0.0
2023-03-19 08:00:00,0.002629798806090615,0.0,0.0,0.0,0.0,0.0,0.0,0.003276875677836775,0.0,0.0,0.0017560677495360353,0.0,0.0,0.0,0.0,0.0,0.0,0.0,0.0,0.002422231398602363
2023-03-19 09:00:00,0.0,0.0,0.0,0.002654586215829992,0.0,0.0,0.0,0.0,0.0,0.0,0.0,0.00292059453353783,0.0,0.0039243459118454985,0.0,0.0030912729058116717,0.0,0.0,0.0,0.0
2023-03-19 10:00:00,0.0,0.0,0.0,0.0,0.0,0.0,0.0,0.0,0.0,0.0,0.0,0.0,0.0,0.0,0.0,0.0,0.0,0.0,0.0,0.0
2023-03-19 11:00:00,0.0,0.0,0.0,0.0,0.0,0.0,0.0,0.0,0.0,0.0,0.0,0.0,0.0,0.0,0.0,0.0,0.0,0.0,0.0,0.0
2023-03-19 12:00:00,0.0,0.0,0.0,0.0,0.0,0.0,0.0,0.0,0.0,0.0,0.0,0.0,0.0,0.0,0.0,0.0,0.0,0.0,0.0,0.0
2023-03-19 13:00:00,0.0,0.0,0.0,0.0,0.0,0.0,0.0,0.0,0.0,0.0,0.0,0.0,0.0,0.0,0.0,0.0,0.0,0.0,0.0,0.0
2023-03-19 14:00:00,0.0,0.0,0.0,0.0,0.0,0.0,0.0,0.0,0.0,0.0,0.0,0.0,0.0,0.0,0.0,0.0,0.0,0.0,0.0,0.0
2023-03-19 15:00:00,0.0,0.0,0.0,0.0,0.0,0.0,0.0,0.0,0.0,0.0,0.0,0.0,0.0,0.0,0.0,0.0,0.0,0.0,0.0,0.0
2023-03-19 16:00:00,0.0,0.004336985928268424,0.004351716807195397,0.0,0.00287258042842331,0.0,0.0034873087214808297,0.0,0.0,0.004723139498524357,0.0,0.0,0.0,0.0,0.0,0.0,0.0,0.0,0.0,0.0
2023-03-19 17:00:00,0.0035135445053704815,0.0,0.0,0.004654089597441326,0.0,0.0036233329951668907,0.0,0.0,0.0,0.0,0.002216337779032559,0.00414729367730529,0.0,0.0,0.0,0.004096758251055605,0.003814099942302816,0.0,0.0,0.003590271217193949
2023-03-19 18:00:00,0.0,0.0,0.0,0.0,0.0,0.0,0.0,0.004358015291320939,0.0038085296270912836,0.0,0.0,0.0,0.0,0.005701554877500285,0.0049667322773093514,0.0,0.0,0.00396537849069155,0.0033428360533780247,0.0
2023-03-19 19:00:00,0.0,0.0,0.0,0.0,0.0,0.0,0.0,0.0,0.0,0.0,0.0,0.0,0.0,0.0,0.0,0.0,0.0,0.0,0.0,0.0
2023-03-19 20:00:00,0.0,0.0,0.0,0.0,0.0,0.0,0.0,0.0,0.0,0.0,0.0,0.0,0.0,0.0,0.0,0.0,0.0,0.0,0.0,0.0
2023-03-19 21:00:00,0.0,0.0,0.0,0.0,0.0,0.0,0.0,0.0,0.0,0.0,0.0,0.0,0.0,0.0,0.0,0.0,0.0,0.0,0.0,0.0
2023-03-19 22:00:00,0.0,0.0,0.0,0.0,0.0,0.0,0.0,0.0,0.0,0.0,0.0,0.0,0.0,0.0,0.0,0.0,0.0,0.0,0.0,0.0
2023-03-19 23:00:00,0.0,0.0,0.0,0.0,0.0,0.0,0.0,0.0,0.0,0.0,0.0,0.0,0.0,0.0,0.0,0.0,0.0,0.0,0.0,0.0
2023-03-20 00:00:00,0.0,0.0,0.0,0.0,0.0,0.0,0.0,0.0,0.0,0.0,0.0,0.0,0.0,0.0,0.0,0.0,0.0,0.0,0.0,0.0
2023-03-20 01:00:00,0.0,0.0,0.0,0.0,0.0,0.0,0.0,0.0,0.0,0.0,0.0,0.0,0.0,0.0,0.0,0.0,0.0,0.0,0.0,0.0
2023-03-20 02:00:00,0.0,0.0,0.0,0.0,0.0,0.0,0.0,0.0,0.0,0.0,0.0,0.0,0.0,0.0,0.0,0.0,0.0,0.0,0.0,0.0
2023-03-20 03:00:00,0.0,0.0,0.0,0.0,0.0,0.0,0.0,0.0,0.0,0.0,0.0,0.0,0.0,0.0,0.0,0.0,0.0,0.0,0.0,0.0
2023-03-20 04:00:00,0.0,0.0,0.0,0.0,0.0,0.0,0.0,0.0,0.0,0.0,0.0,0.0,0.0,0.0,0.0,0.0,0.0,0.0,0.0,0.0
2023-03-20 05:00:00,0.0,0.0,0.0,0.0,0.0,0.0,0.0,0.0,0.0,0.0,0.0,0.0,0.0,0.0,0.0,0.0,0.0,0.0,0.0,0.0
2023-03-20 06:00:00,0.002123285913475264,0.0,0.0,0.0,0.0028164757566669597,0.0,0.0,0.0,0.002454489011217473,0.0,0.001453495819323117,0.0,0.0,0.0,0.002943853197952075,0.004159677591856892,0.0,0.0025618380761749677,0.0,0.0
2023-03-20 07:00:00,0.0,0.0,0.0,0.0,0.0,0.0,0.0,0.0,0.0,0.0030819537372976124,0.0,0.0,0.0,0.0031731632722318296,0.0,0.0,0.0,0.0,0.0,0.0023593354136914623
2023-03-20 08:00:00,0.0,0.00352704956273596,0.0,0.0022618699503380783,0.0,0.0020056330486696384,0.002473596405865649,0.0,0.0,0.0,0.0,0.0,0.0,0.0,0.0,0.0,0.0,0.0,0.002350411209459668,0.0
2023-03-20 09:00:00,0.0,0.0,0.002802320535880202,0.0,0.0,0.0,0.0,0.002889929578074846,0.0,0.0,0.0,0.002811157217899662,0.0,0.0,0.0,0.0,0.0022862030915935774,0.0,0.0,0.0
2023-03-20 10:00:00,0.0,0.0,0.0,0.0,0.0,0.0,0.0,0.0,0.0,0.0,0.0,0.0,0.0,0.0,0.0,0.0,0.0,0.0,0.0,0.0
2023-03-20 11:00:00,0.0,0.0,0.0,0.0,0.0,0.0,0.0,0.0,0.0,0.0,0.0,0.0,0.0,0.0,0.0,0.0,0.0,0.0,0.0,0.0
2023-03-20 12:00:00,0.0,0.0,0.0,0.0,0.0,0.0,0.0,0.0,0.0,0.0,0.0,0.0,0.0,0.0,0.0,0.0,0.0,0.0,0.0,0.0
2023-03-20 13:00:00,0.0,0.0,0.0,0.0,0.0,0.0,0.0,0.0,0.0,0.0,0.0,0.0,0.0,0.0,0.0,0.0,0.0,0.0,0.0,0.0
2023-03-20 14:00:00,0.0,0.0,0.0,0.0,0.0,0.0,0.0,0.0,0.0,0.0,0.0,0.0,0.0,0.0,0.0,0.0,0.0,0.0,0.0,0.0
2023-03-20 15:00:00,0.0,0.0,0.0,0.0,0.0,0.0,0.0,0.0,0.0,0.0,0.0,0.0,0.0,0.0,0.0,0.0,0.0,0.0,0.0,0.0
2023-03-20 16:00:00,0.003710242479914533,0.004495972673686733,0.0,0.0030907617677203366,0.0,0.002885152373713222,0.0,0.0,0.0,0.0039528063075288545,0.0,0.0,0.0,0.0,0.0,0.0,0.0,0.0,0.0031803510295068875,0.0
2023-03-20 17:00:00,0.0,0.0,0.0,0.0,0.0,0.0,0.003346652975776366,0.0,0.003136577350089701,0.0,0.0,0.0,0.0,0.00391195055996953,0.004118573900600339,0.00519034328279807,0.0,0.0,0.0,0.004246023691788212
2023-03-20 18:00:00,0.0,0.0,0.004022593585864343,0.0,0.003544422801280587,0.0,0.0,0.0043780346249309415,0.0,0.0,0.0023292816855370315,0.003559489235887376,0.0,0.0,0.0,0.0,0.0038251244495452323,0.00349478124878061,0.0,0.0
2023-03-20 19:00:00,0.0,0.0,0.0,0.0,0.0,0.0,0.0,0.0,0.0,0.0,0.0,0.0,0.0,0.0,0.0,0.0,0.0,0.0,0.0,0.0
2023-03-20 20:00:00,0.0,0.0,0.0,0.0,0.0,0.0,0.0,0.0,0.0,0.0,0.0,0.0,0.0,0.0,0.0,0.0,0.0,0.0,0.0,0.0
2023-03-20 21:00:00,0.0,0.0,0.0,0.0,0.0,0.0,0.0,0.0,0.0,0.0,0.0,0.0,0.0,0.0,0.0,0.0,0.0,0.0,0.0,0.0
2023-03-20 22:00:00,0.0,0.0,0.0,0.0,0.0,0.0,0.0,0.0,0.0,0.0,0.0,0.0,0.0,0.0,0.0,0.0,0.0,0.0,0.0,0.0
2023-03-20 23:00:00,0.0,0.0,0.0,0.0,0.0,0.0,0.0,0.0,0.0,0.0,0.0,0.0,0.0,0.0,0.0,0.0,0.0,0.0,0.0,0.0
2023-03-21 00:00:00,0.0,0.0,0.0,0.0,0.0,0.0,0.0,0.0,0.0,0.0,0.0,0.0,0.0,0.0,0.0,0.0,0.0,0.0,0.0,0.0
2023-03-21 01:00:00,0.0,0.0,0.0,0.0,0.0,0.0,0.0,0.0,0.0,0.0,0.0,0.0,0.0,0.0,0.0,0.0,0.0,0.0,0.0,0.0
2023-03-21 02:00:00,0.0,0.0,0.0,0.0,0.0,0.0,0.0,0.0,0.0,0.0,0.0,0.0,0.0,0.0,0.0,0.0,0.0,0.0,0.0,0.0
2023-03-21 03:00:00,0.0,0.0,0.0,0.0,0.0,0.0,0.0,0.0,0.0,0.0,0.0,0.0,0.0,0.0,0.0,0.0,0.0,0.0,0.0,0.0
2023-03-21 04:00:00,0.0,0.0,0.0,0.0,0.0,0.0,0.0,0.0,0.0,0.0,0.0,0.0,0.0,0.0,0.0,0.0,0.0,0.0,0.0,0.0
2023-03-21 05:00:00,0.0,0.0,0.0,0.0,0.0,0.0,0.0,0.0,0.0,0.0,0.0,0.0,0.0,0.0,0.0,0.0,0.0,0.0,0.0,0.0
2023-03-21 06:00:00,0.0,0.0,0.0027466221917618735,0.0,0.0,0.0023944687564180357,0.0,0.0,0.0,0.0,0.0,0.003614523679903208,0.0,0.0,0.0,0.0,0.0,0.00224493189253621,0.0,0.0
2023-03-21 07:00:00,0.0,0.0,0.0,0.0,0.002658030254923666,0.0,0.0,0.0,0.0,0.002073604628009545,0.0,0.0,0.0,0.0,0.0,0.0025428455618218514,0.002230295279975643,0.0,0.0,0.002647634376683211
2023-03-21 08:00:00,0.0,0.0026162777178100516,0.0,0.0,0.0,0.0,0.001601140886261225,0.003439640997062184,0.0018691897123915583,0.0,0.002057117095165601,0.0,0.0,0.0,0.0030263693896452207,0.0,0.0,0.0,0.0032824639197621295,0.0
2023-03-21 09:00:00,0.002406427533590702,0.0,0.0,0.0027283661123285127,0.0,0.0,0.0,0.0,0.0,0.0,0.0,0.0,0.0,0.003639583047949989,0.0,0.0,0.0,0.0,0.0,0.0
2023-03-21 10:00:00,0.0,0.0,0.0,0.0,0.0,0.0,0.0,0.0,0.0,0.0,0.0,0.0,0.0,0.0,0.0,0.0,0.0,0.0,0.0,0.0
2023-03-21 11:00:00,0.0,0.0,0.0,0.0,0.0,0.0,0.0,0.0,0.0,0.0,0.0,0.0,0.0,0.0,0.0,0.0,0.0,0.0,0.0,0.0
2023-03-21 12:00:00,0.0,0.0,0.0,0.0,0.0,0.0,0.0,0.0,0.0,0.0,0.0,0.0,0.0,0.0,0.0,0.0,0.0,0.0,0.0,0.0
2023-03-21 13:00:00,0.0,0.0,0.0,0.0,0.0,0.0,0.0,0.0,0.0,0.0,0.0,0.0,0.0,0.0,0.0,0.0,0.0,0.0,0.0,0.0
2023-03-21 14:00:00,0.0,0.0,0.0,0.0,0.0,0.0,0.0,0.0,0.0,0.0,0.0,0.0,0.0,0.0,0.0,0.0,0.0,0.0,0.0,0.0
2023-03-21 15:00:00,0.0,0.0,0.0,0.0,0.0,0.0,0.0,0.0,0.0,0.0,0.0,0.0,0.0,0.0,0.0,0.0,0.0,0.0,0.0,0.0
2023-03-21 16:00:00,0.0,0.0,0.0,0.0,0.0034693150093374958,0.0,0.0,0.0,0.0,0.0,0.0,0.0,0.0,0.0,0.0,0.0,0.003681210021677338,0.0034123286425102113,0.0,0.0
2023-03-21 17:00:00,0.003653429515120562,0.0,0.0042733700131903024,0.0,0.0,0.0,0.0,0.0,0.0,0.003552375296194386,0.0,0.0,0.0,0.004501049665552894,0.005522467241024708,0.004281883493784166,0.0,0.0,0.0,0.0033402059740462106
2023-03-21 18:00:00,0.0,0.0046338893993330575,0.0,0.004772486595990507,0.0,0.002976186824869351,0.002920646376352922,0.004532385031094649,0.003260706105758366,0.0,0.0027822035568771564,0.004456844511937249,0.0,0.0,0.0,0.0,0.0,0.0,0.004448132801787775,0.0
2023-03-21 19:00:00,0.0,0.0,0.0,0.0,0.0,0.0,0.0,0.0,0.0,0.0,0.0,0.0,0.0,0.0,0.0,0.0,0.0,0.0,0.0,0.0
2023-03-21 20:00:00,0.0,0.0,0.0,0.0,0.0,0.0,0.0,0.0,0.0,0.0,0.0,0.0,0.0,0.0,0.0,0.0,0.0,0.0,0.0,0.0
2023-03-21 21:00:00,0.0,0.0,0.0,0.0,0.0,0.0,0.0,0.0,0.0,0.0,0.0,0.0,0.0,0.0,0.0,0.0,0.0,0.0,0.0,0.0
2023-03-21 22:00:00,0.0,0.0,0.0,0.0,0.0,0.0,0.0,0.0,0.0,0.0,0.0,0.0,0.0,0.0,0.0,0.0,0.0,0.0,0.0,0.0
2023-03-21 23:00:00,0.0,0.0,0.0,0.0,0.0,0.0,0.0,0.0,0.0,0.0,0.0,0.0,0.0,0.0,0.0,0.0,0.0,0.0,0.0,0.0
2023-03-22 00:00:00,0.0,0.0,0.0,0.0,0.0,0.0,0.0,0.0,0.0,0.0,0.0,0.0,0.0,0.0,0.0,0.0,0.0,0.0,0.0,0.0
2023-03-22 01:00:00,0.0,0.0,0.0,0.0,0.0,0.0,0.0,0.0,0.0,0.0,0.0,0.0,0.0,0.0,0.0,0.0,0.0,0.0,0.0,0.0
2023-03-22 02:00:00,0.0,0.0,0.0,0.0,0.0,0.0,0.0,0.0,0.0,0.0,0.0,0.0,0.0,0.0,0.0,0.0,0.0,0.0,0.0,0.0
2023-03-22 03:00:00,0.0,0.0,0.0,0.0,0.0,0.0,0.0,0.0,0.0,0.0,0.0,0.0,0.0,0.0,0.0,0.0,0.0,0.0,0.0,0.0
2023-03-22 04:00:00,0.0,0.0,0.0,0.0,0.0,0.0,0.0,0.0,0.0,0.0,0.0,0.0,0.0,0.0,0.0,0.0,0.0,0.0,0.0,0.0
2023-03-22 05:00:00,0.0,0.0,0.0,0.0,0.0,0.0,0.0,0.0,0.0,0.0,0.0,0.0,0.0,0.0,0.0,0.0,0.0,0.0,0.0,0.0
2023-03-22 06:00:00,0.0,0.0,0.0,0.0,0.0,0.0,0.0,0.003061947768286313,0.0021010650123656676,0.0023708555416357157,0.0,0.003345318051521655,0.0,0.0,0.0,0.0,0.0,0.002336067683991224,0.0,0.0
2023-03-22 07:00:00,0.0,0.0,0.0,0.0029293599630327203,0.0,0.0,0.0,0.0,0.0,0.0,0.0,0.0,0.0,0.0031970375438653553,0.0030583498862016257,0.0037294852822763735,0.0,0.0,0.0024090395929725113,0.0
2023-03-22 08:00:00,0.0025962819248707336,0.002693542446213215,0.0,0.0,0.0018125256920358745,0.0,0.0,0.0,0.0,0.0,0.0018055286843056107,0.0,0.0,0.0,0.0,0.0,0.0,0.0,0.0,0.0026576053601569463
2023-03-22 09:00:00,0.0,0.0,0.0027162166137443696,0.0,0.0,0.0023991377644711127,0.002377628326856316,0.0,0.0,0.0,0.0,0.0,0.0,0.0,0.0,0.0,0.0023695497138873983,0.0,0.0,0.0
2023-03-22 10:00:00,0.0,0.0,0.0,0.0,0.0,0.0,0.0,0.0,0.0,0.0,0.0,0.0,0.0,0.0,0.0,0.0,0.0,0.0,0.0,0.0
2023-03-22 11:00:00,0.0,0.0,0.0,0.0,0.0,0.0,0.0,0.0,0.0,0.0,0.0,0.0,0.0,0.0,0.0,0.0,0.0,0.0,0.0,0.0
2023-03-22 12:00:00,0.0,0.0,0.0,0.0,0.0,0.0,0.0,0.0,0.0,0.0,0.0,0.0,0.0,0.0,0.0,0.0,0.0,0.0,0.0,0.0
2023-03-22 13:00:00,0.0,0.0,0.0,0.0,0.0,0.0,0.0,0.0,0.0,0.0,0.0,0.0,0.0,0.0,0.0,0.0,0.0,0.0,0.0,0.0
2023-03-22 14:00:00,0.0,0.0,0.0,0.0,0.0,0.0,0.0,0.0,0.0,0.0,0.0,0.0,0.0,0.0,0.0,0.0,0.0,0.0,0.0,0.0
2023-03-22 15:00:00,0.0,0.0,0.0,0.0,0.0,0.0,0.0,0.0,0.0,0.0,0.0,0.0,0.0,0.0,0.0,0.0,0.0,0.0,0.0,0.0
2023-03-22 16:00:00,0.0,0.0,0.0,0.0,0.0,0.0,0.0,0.0,0.0,0.003935550845033454,0.0,0.0,0.0,0.00462972156855288,0.005175578838669862,0.0,0.0,0.0035573959549212862,0.0,0.0
2023-03-22 17:00:00,0.0036829412868095305,0.0,0.0,0.0,0.0031876504561777217,0.0,0.002923022736366774,0.00524686838873275,0.0,0.0,0.0022758843400107454,0.00450276956504144,0.0,0.0,0.0,0.0,0.0038612463758775804,0.0,0.0,0.00329821322033131
2023-03-22 18:00:00,0.0,0.0037822179724265517,0.003825839593379031,0.00422644735135243,0.0,0.003896223021056719,0.0,0.0,0.003142038421371992,0.0,0.0,0.0,0.0,0.0,0.0,0.005886779155292553,0.0,0.0,0.0035668091967066447,0.0
2023-03-22 19:00:00,0.0,0.0,0.0,0.0,0.0,0.0,0.0,0.0,0.0,0.0,0.0,0.0,0.0,0.0,0.0,0.0,0.0,0.0,0.0,0.0
2023-03-22 20:00:00,0.0,0.0,0.0,0.0,0.0,0.0,0.0,0.0,0.0,0.0,0.0,0.0,0.0,0.0,0.0,0.0,0.0,0.0,0.0,0.0
2023-03-22 21:00:00,0.0,0.0,0.0,0.0,0.0,0.0,0.0,0.0,0.0,0.0,0.0,0.0,0.0,0.0,0.0,0.0,0.0,0.0,0.0,0.0
2023-03-22 22:00:00,0.0,0.0,0.0,0.0,0.0,0.0,0.0,0.0,0.0,0.0,0.0,0.0,0.0,0.0,0.0,0.0,0.0,0.0,0.0,0.0
2023-03-22 23:00:00,0.0,0.0,0.0,0.0,0.0,0.0,0.0,0.0,0.0,0.0,0.0,0.0,0.0,0.0,0.0,0.0,0.0,0.0,0.0,0.0
2023-03-23 00:00:00,0.0,0.0,0.0,0.0,0.0,0.0,0.0,0.0,0.0,0.0,0.0,0.0,0.0,0.0,0.0,0.0,0.0,0.0,0.0,0.0
2023-03-23 01:00:00,0.0,0.0,0.0,0.0,0.0,0.0,0.0,0.0,0.0,0.0,0.0,0.0,0.0,0.0,0.0,0.0,0.0,0.0,0.0,0.0
2023-03-23 02:00:00,0.0,0.0,0.0,0.0,0.0,0.0,0.0,0.0,0.0,0.0,0.0,0.0,0.0,0.0,0.0,0.0,0.0,0.0,0.0,0.0
2023-03-23 03:00:00,0.0,0.0,0.0,0.0,0.0,0.0,0.0,0.0,0.0,0.0,0.0,0.0,0.0,0.0,0.0,0.0,0.0,0.0,0.0,0.0
2023-03-23 04:00:00,0.0,0.0,0.0,0.0,0.0,0.0,0.0,0.0,0.0,0.0,0.0,0.0,0.0,0.0,0.0,0.0,0.0,0.0,0.0,0.0
2023-03-23 05:00:00,0.0,0.0,0.0,0.0,0.0,0.0,0.0,0.0,0.0,0.0,0.0,0.0,0.0,0.0,0.0,0.0,0.0,0.0,0.0,0.0
2023-03-23 06:00:00,0.0,0.0,0.0,0.0031749379756446697,0.0025747458960820656,0.0,0.0024799709905274727,0.0,0.0,0.0028271320408391433,0.0,0.0,0.0,0.0,0.0027463734239011584,0.0,0.002435375474918567,0.0,0.0,0.001955939047347787
2023-03-23 07:00:00,0.0,0.0,0.002480172477383412,0.0,0.0,0.0,0.0,0.0026018059820429092,0.0,0.0,0.0,0.0,0.0,0.0,0.0,0.0,0.0,0.0,0.0022593941005856454,0.0
2023-03-23 08:00:00,0.0022108089730246317,0.0028354630228800957,0.0,0.0,0.0,0.0,0.0,0.0,0.0017004338690030532,0.0,0.0017054162756587705,0.002608117612497749,0.0,0.0,0.0,0.00305431061971547,0.0,0.00332348555931105,0.0,0.0
2023-03-23 09:00:00,0.0,0.0,0.0,0.0,0.0,0.0023886473986268657,0.0,0.0,0.0,0.0,0.0,0.0,0.0,0.002798425737291257,0.0,0.0,0.0,0.0,0.0,0.0
2023-03-23 10:00:00,0.0,0.0,0.0,0.0,0.0,0.0,0.0,0.0,0.0,0.0,0.0,0.0,0.0,0.0,0.0,0.0,0.0,0.0,0.0,0.0
2023-03-23 11:00:00,0.0,0.0,0.0,0.0,0.0,0.0,0.0,0.0,0.0,0.0,0.0,0.0,0.0,0.0,0.0,0.0,0.0,0.0,0.0,0.0
2023-03-23 12:00:00,0.0,0.0,0.0,0.0,0.0,0.0,0.0,0.0,0.0,0.0,0.0,0.0,0.0,0.0,0.0,0.0,0.0,0.0,0.0,0.0
2023-03-23 13:00:00,0.0,0.0,0.0,0.0,0.0,0.0,0.0,0.0,0.0,0.0,0.0,0.0,0.0,0.0,0.0,0.0,0.0,0.0,0.0,0.0
2023-03-23 14:00:00,0.0,0.0,0.0,0.0,0.0,0.0,0.0,0.0,0.0,0.0,0.0,0.0,0.0,0.0,0.0,0.0,0.0,0.0,0.0,0.0
2023-03-23 15:00:00,0.0,0.0,0.0,0.0,0.0,0.0,0.0,0.0,0.0,0.0,0.0,0.0,0.0,0.0,0.0,0.0,0.0,0.0,0.0,0.0
2023-03-23 16:00:00,0.0036010679339585007,0.0,0.004137433307828802,0.003966129612983086,0.0,0.0,0.0,0.0,0.0,0.0,0.0,0.0,0.0,0.004778795726995186,0.00439793623625513,0.00523911651730648,0.0,0.0,0.003796751012781465,0.0033063240296874502
2023-03-23 17:00:00,0.0,0.0,0.0,0.0,0.0,0.0037552431862142464,0.0,0.0,0.0,0.0035126780931557418,0.0,0.004365037004187926,0.0,0.0,0.0,0.0,0.0,0.0,0.0,0.0
2023-03-23 18:00:00,0.0,0.005023923405789383,0.0,0.0,0.0036594877888969867,0.0,0.0038601103197587676,0.003663194667501089,0.0031350425449986822,0.0,0.003163989554596398,0.0,0.0,0.0,0.0,0.0,0.003277236886357167,0.004216858099447752,0.0,0.0
2023-03-23 19:00:00,0.0,0.0,0.0,0.0,0.0,0.0,0.0,0.0,0.0,0.0,0.0,0.0,0.0,0.0,0.0,0.0,0.0,0.0,0.0,0.0
2023-03-23 20:00:00,0.0,0.0,0.0,0.0,0.0,0.0,0.0,0.0,0.0,0.0,0.0,0.0,0.0,0.0,0.0,0.0,0.0,0.0,0.0,0.0
2023-03-23 21:00:00,0.0,0.0,0.0,0.0,0.0,0.0,0.0,0.0,0.0,0.0,0.0,0.0,0.0,0.0,0.0,0.0,0.0,0.0,0.0,0.0
2023-03-23 22:00:00,0.0,0.0,0.0,0.0,0.0,0.0,0.0,0.0,0.0,0.0,0.0,0.0,0.0,0.0,0.0,0.0,0.0,0.0,0.0,0.0
2023-03-23 23:00:00,0.0,0.0,0.0,0.0,0.0,0.0,0.0,0.0,0.0,0.0,0.0,0.0,0.0,0.0,0.0,0.0,0.0,0.0,0.0,0.0
2023-03-24 00:00:00,0.0,0.0,0.0,0.0,0.0,0.0,0.0,0.0,0.0,0.0,0.0,0.0,0.0,0.0,0.0,0.0,0.0,0.0,0.0,0.0
2023-03-24 01:00:00,0.0,0.0,0.0,0.0,0.0,0.0,0.0,0.0,0.0,0.0,0.0,0.0,0.0,0.0,0.0,0.0,0.0,0.0,0.0,0.0
2023-03-24 02:00:00,0.0,0.0,0.0,0.0,0.0,0.0,0.0,0.0,0.0,0.0,0.0,0.0,0.0,0.0,0.0,0.0,0.0,0.0,0.0,0.0
2023-03-24 03:00:00,0.0,0.0,0.0,0.0,0.0,0.0,0.0,0.0,0.0,0.0,0.0,0.0,0.0,0.0,0.0,0.0,0.0,0.0,0.0,0.0
2023-03-24 04:00:00,0.0,0.0,0.0,0.0,0.0,0.0,0.0,0.0,0.0,0.0,0.0,0.0,0.0,0.0,0.0,0.0,0.0,0.0,0.0,0.0
2023-03-24 05:00:00,0.0,0.0,0.0,0.0,0.0,0.0,0.0,0.0,0.0,0.0,0.0,0.0,0.0,0.0,0.0,0.0,0.0,0.0,0.0,0.0
2023-03-24 06:00:00,0.0,0.0022395111411061867,0.0,0.0,0.002072601070440075,0.0,0.0,0.002945624396108194,0.0,0.0023020388870350485,0.0,0.0,0.0,0.0,0.0037572185468545192,0.003614270107528354,0.0026439841162425896,0.0023063635563690607,0.003358939947684015,0.0
2023-03-24 07:00:00,0.00205554216725448,0.0,0.0,0.0,0.0,0.0,0.0,0.0,0.0,0.0,0.0014991376153271842,0.002442092672500883,0.0,0.0,0.0,0.0,0.0,0.0,0.0,0.0018980198810261025
2023-03-24 08:00:00,0.0,0.0,0.0,0.002378925359108748,0.0,0.0,0.0018000764912051036,0.0,0.002261916378462594,0.0,0.0,0.0,0.0,0.003826213496413284,0.0,0.0,0.0,0.0,0.0,0.0
2023-03-24 09:00:00,0.0,0.0,0.003196583391480134,0.0,0.0,0.0016936661157277541,0.0,0.0,0.0,0.0,0.0,0.0,0.0,0.0,0.0,0.0,0.0,0.0,0.0,0.0
2023-03-24 10:00:00,0.0,0.0,0.0,0.0,0.0,0.0,0.0,0.0,0.0,0.0,0.0,0.0,0.0,0.0,0.0,0.0,0.0,0.0,0.0,0.0
2023-03-24 11:00:00,0.0,0.0,0.0,0.0,0.0,0.0,0.0,0.0,0.0,0.0,0.0,0.0,0.0,0.0,0.0,0.0,0.0,0.0,0.0,0.0
2023-03-24 12:00:00,0.0,0.0,0.0,0.0,0.0,0.0,0.0,0.0,0.0,0.0,0.0,0.0,0.0,0.0,0.0,0.0,0.0,0.0,0.0,0.0
2023-03-24 13:00:00,0.0,0.0,0.0,0.0,0.0,0.0,0.0,0.0,0.0,0.0,0.0,0.0,0.0,0.0,0.0,0.0,0.0,0.0,0.0,0.0
2023-03-24 14:00:00,0.0,0.0,0.0,0.0,0.0,0.0,0.0,0.0,0.0,0.0,0.0,0.0,0.0,0.0,0.0,0.0,0.0,0.0,0.0,0.0
2023-03-24 15:00:00,0.0,0.0,0.0,0.0,0.0,0.0,0.0,0.0,0.0,0.0,0.0,0.0,0.0,0.0,0.0,0.0,0.0,0.0,0.0,0.0
2023-03-24 16:00:00,0.0,0.0,0.00420879705459574,0.0,0.0028218181123938857,0.0,0.0,0.004543938272966975,0.0,0.004073577864093551,0.0,0.0,0.0,0.0,0.0,0.0,0.0,0.003804610022700978,0.0,0.0
2023-03-24 17:00:00,0.0034781644199054647,0.004091418897563153,0.0,0.004238300799355061,0.0,0.002872631503829911,0.0,0.0,0.0,0.0,0.0027094841032905474,0.004056622552563809,0.0,0.005530361799093144,0.0,0.00504711759454614,0.0,0.0,0.004619507748327204,0.0
2023-03-24 18:00:00,0.0,0.0,0.0,0.0,0.0,0.0,0.0026385709917813773,0.0,0.00397456700196436,0.0,0.0,0.0,0.0,0.0,0.005864354463720836,0.0,0.0037378288753986983,0.0,0.0,0.002929157411508383
2023-03-24 19:00:00,0.0,0.0,0.0,0.0,0.0,0.0,0.0,0.0,0.0,0.0,0.0,0.0,0.0,0.0,0.0,0.0,0.0,0.0,0.0,0.0
2023-03-24 20:00:00,0.0,0.0,0.0,0.0,0.0,0.0,0.0,0.0,0.0,0.0,0.0,0.0,0.0,0.0,0.0,0.0,0.0,0.0,0.0,0.0
2023-03-24 21:00:00,0.0,0.0,0.0,0.0,0.0,0.0,0.0,0.0,0.0,0.0,0.0,0.0,0.0,0.0,0.0,0.0,0.0,0.0,0.0,0.0
2023-03-24 22:00:00,0.0,0.0,0.0,0.0,0.0,0.0,0.0,0.0,0.0,0.0,0.0,0.0,0.0,0.0,0.0,0.0,0.0,0.0,0.0,0.0
2023-03-24 23:00:00,0.0,0.0,0.0,0.0,0.0,0.0,0.0,0.0,0.0,0.0,0.0,0.0,0.0,0.0,0.0,0.0,0.0,0.0,0.0,0.0
2023-03-25 00:00:00,0.0,0.0,0.0,0.0,0.0,0.0,0.0,0.0,0.0,0.0,0.0,0.0,0.0,0.0,0.0,0.0,0.0,0.0,0.0,0.0
2023-03-25 01:00:00,0.0,0.0,0.0,0.0,0.0,0.0,0.0,0.0,0.0,0.0,0.0,0.0,0.0,0.0,0.0,0.0,0.0,0.0,0.0,0.0
2023-03-25 02:00:00,0.0,0.0,0.0,0.0,0.0,0.0,0.0,0.0,0.0,0.0,0.0,0.0,0.0,0.0,0.0,0.0,0.0,0.0,0.0,0.0
2023-03-25 03:00:00,0.0,0.0,0.0,0.0,0.0,0.0,0.0,0.0,0.0,0.0,0.0,0.0,0.0,0.0,0.0,0.0,0.0,0.0,0.0,0.0
2023-03-25 04:00:00,0.0,0.0,0.0,0.0,0.0,0.0,0.0,0.0,0.0,0.0,0.0,0.0,0.0,0.0,0.0,0.0,0.0,0.0,0.0,0.0
2023-03-25 05:00:00,0.0,0.0,0.0,0.0,0.0,0.0,0.0,0.0,0.0,0.0,0.0,0.0,0.0,0.0,0.0,0.0,0.0,0.0,0.0,0.0
2023-03-25 06:00:00,0.0,0.0,0.0,0.002254949676158506,0.0,0.0,0.002691579206904742,0.0,0.0028051911398888248,0.0,0.0,0.0,0.0,0.0,0.0,0.0,0.0,0.0,0.002983367013839342,0.0023296607193069047
2023-03-25 07:00:00,0.0,0.0029141043832451178,0.002281845321004812,0.0,0.0,0.0018013567676537852,0.0,0.003178582518289016,0.0,0.0025003593526839443,0.0,0.0,0.0,0.0,0.0,0.0,0.0031515813668613435,0.0,0.0,0.0
2023-03-25 08:00:00,0.0,0.0,0.0,0.0,0.002170972021041957,0.0,0.0,0.0,0.0,0.0,0.0,0.002544159180563177,0.0,0.0,0.0034769056561683932,0.0,0.0,0.002558612736364693,0.0,0.0
2023-03-25 09:00:00,0.002419587684088169,0.0,0.0,0.0,0.0,0.0,0.0,0.0,0.0,0.0,0.0014347814300311257,0.0,0.0,0.003091408446414718,0.0,0.0030716269634704584,0.0,0.0,0.0,0.0
2023-03-25 10:00:00,0.0,0.0,0.0,0.0,0.0,0.0,0.0,0.0,0.0,0.0,0.0,0.0,0.0,0.0,0.0,0.0,0.0,0.0,0.0,0.0
2023-03-25 11:00:00,0.0,0.0,0.0,0.0,0.0,0.0,0.0,0.0,0.0,0.0,0.0,0.0,0.0,0.0,0.0,0.0,0.0,0.0,0.0,0.0
2023-03-25 12:00:00,0.0,0.0,0.0,0.0,0.0,0.0,0.0,0.0,0.0,0.0,0.0,0.0,0.0,0.0,0.0,0.0,0.0,0.0,0.0,0.0
2023-03-25 13:00:00,0.0,0.0,0.0,0.0,0.0,0.0,0.0,0.0,0.0,0.0,0.0,0.0,0.0,0.0,0.0,0.0,0.0,0.0,0.0,0.0
2023-03-25 14:00:00,0.0,0.0,0.0,0.0,0.0,0.0,0.0,0.0,0.0,0.0,0.0,0.0,0.0,0.0,0.0,0.0,0.0,0.0,0.0,0.0
2023-03-25 15:00:00,0.0,0.0,0.0,0.0,0.0,0.0,0.0,0.0,0.0,0.0,0.0,0.0,0.0,0.0,0.0,0.0,0.0,0.0,0.0,0.0
2023-03-25 16:00:00,0.004060398650043407,0.0,0.0032911972738807658,0.0,0.0,0.0,0.0035352049878214736,0.005643455090201951,0.0,0.0,0.0,0.0,0.0,0.0,0.0,0.004203822552316833,0.0,0.0,0.0,0.0
2023-03-25 17:00:00,0.0,0.0,0.0,0.003292349397523716,0.0,0.0,0.0,0.0,0.004144887777838639,0.0,0.0024936224174144485,0.0,0.0,0.004771731585505003,0.006233127016690166,0.0,0.0,0.0031991029033224473,0.004416567141557472,0.004265929278158505
2023-03-25 18:00:00,0.0,0.003816255648364387,0.0,0.0,0.002985847852918467,0.0031124526458876345,0.0,0.0,0.0,0.003362417963648436,0.0,0.004297081147301462,0.0,0.0,0.0,0.0,0.004509944674326585,0.0,0.0,0.0
2023-03-25 19:00:00,0.0,0.0,0.0,0.0,0.0,0.0,0.0,0.0,0.0,0.0,0.0,0.0,0.0,0.0,0.0,0.0,0.0,0.0,0.0,0.0
2023-03-25 20:00:00,0.0,0.0,0.0,0.0,0.0,0.0,0.0,0.0,0.0,0.0,0.0,0.0,0.0,0.0,0.0,0.0,0.0,0.0,0.0,0.0
2023-03-25 21:00:00,0.0,0.0,0.0,0.0,0.0,0.0,0.0,0.0,0.0,0.0,0.0,0.0,0.0,0.0,0.0,0.0,0.0,0.0,0.0,0.0
2023-03-25 22:00:00,0.0,0.0,0.0,0.0,0.0,0.0,0.0,0.0,0.0,0.0,0.0,0.0,0.0,0.0,0.0,0.0,0.0,0.0,0.0,0.0
2023-03-25 23:00:00,0.0,0.0,0.0,0.0,0.0,0.0,0.0,0.0,0.0,0.0,0.0,0.0,0.0,0.0,0.0,0.0,0.0,0.0,0.0,0.0
2023-03-26 00:00:00,0.0,0.0,0.0,0.0,0.0,0.0,0.0,0.0,0.0,0.0,0.0,0.0,0.0,0.0,0.0,0.0,0.0,0.0,0.0,0.0
2023-03-26 01:00:00,0.0,0.0,0.0,0.0,0.0,0.0,0.0,0.0,0.0,0.0,0.0,0.0,0.0,0.0,0.0,0.0,0.0,0.0,0.0,0.0
2023-03-26 02:00:00,0.0,0.0,0.0,0.0,0.0,0.0,0.0,0.0,0.0,0.0,0.0,0.0,0.0,0.0,0.0,0.0,0.0,0.0,0.0,0.0
2023-03-26 03:00:00,0.0,0.0,0.0,0.0,0.0,0.0,0.0,0.0,0.0,0.0,0.0,0.0,0.0,0.0,0.0,0.0,0.0,0.0,0.0,0.0
2023-03-26 04:00:00,0.0,0.0,0.0,0.0,0.0,0.0,0.0,0.0,0.0,0.0,0.0,0.0,0.0,0.0,0.0,0.0,0.0,0.0,0.0,0.0
2023-03-26 05:00:00,0.0,0.0,0.0,0.0,0.0,0.0,0.0,0.0,0.0,0.0,0.0,0.0,0.0,0.0,0.0,0.0,0.0,0.0,0.0,0.0
2023-03-26 06:00:00,0.0,0.0,0.0,0.0,0.002108078622361785,0.00275328315514119,0.0,0.0,0.0,0.0,0.0,0.0,0.0,0.0,0.0,0.0,0.0,0.0,0.0,0.0
2023-03-26 07:00:00,0.0019654416642123393,0.0,0.0,0.0,0.0,0.0,0.0017926462628198275,0.0,0.001947453203525609,0.0,0.0,0.002978292131845357,0.0,0.0,0.0038753326645985194,0.0,0.003188988303292754,0.0,0.002735105964611777,0.0
2023-03-26 08:00:00,0.0,0.0029289767771760343,0.0,0.0025343361888987394,0.0,0.0,0.0,0.0,0.0,0.003324512477213336,0.0019523968702870587,0.0,0.0,0.004235293030499554,0.0,0.0,0.0,0.0026077788478634832,0.0,0.0
2023-03-26 09:00:00,0.0,0.0,0.0029025153865564926,0.0,0.0,0.0,0.0,0.0023870254924432924,0.0,0.0,0.0,0.0,0.0,0.0,0.0,0.003535521459058799,0.0,0.0,0.0,0.0023085055170351727
2023-03-26 10:00:00,0.0,0.0,0.0,0.0,0.0,0.0,0.0,0.0,0.0,0.0,0.0,0.0,0.0,0.0,0.0,0.0,0.0,0.0,0.0,0.0
2023-03-26 11:00:00,0.0,0.0,0.0,0.0,0.0,0.0,0.0,0.0,0.0,0.0,0.0,0.0,0.0,0.0,0.0,0.0,0.0,0.0,0.0,0.0
2023-03-26 12:00:00,0.0,0.0,0.0,0.0,0.0,0.0,0.0,0.0,0.0,0.0,0.0,0.0,0.0,0.0,0.0,0.0,0.0,0.0,0.0,0.0
2023-03-26 13:00:00,0.0,0.0,0.0,0.0,0.0,0.0,0.0,0.0,0.0,0.0,0.0,0.0,0.0,0.0,0.0,0.0,0.0,0.0,0.0,0.0
2023-03-26 14:00:00,0.0,0.0,0.0,0.0,0.0,0.0,0.0,0.0,0.0,0.0,0.0,0.0,0.0,0.0,0.0,0.0,0.0,0.0,0.0,0.0
2023-03-26 15:00:00,0.0,0.0,0.0,0.0,0.0,0.0,0.0,0.0,0.0,0.0,0.0,0.0,0.0,0.0,0.0,0.0,0.0,0.0,0.0,0.0
2023-03-26 16:00:00,0.0,0.0036487078218045777,0.004714966107706415,0.0,0.0,0.0,0.0032589135606074125,0.0,0.0,0.0,0.0024629401231909195,0.00514203538099029,0.0,0.0,0.0,0.006051284115675099,0.0,0.0,0.00387072936951488,0.002889571185575408
2023-03-26 17:00:00,0.0032155075615408397,0.0,0.0,0.0,0.0038226526634700113,0.0,0.0,0.004307702085074654,0.003537527503708764,0.0,0.0,0.0,0.0,0.005319192853974192,0.005498428612117961,0.0,0.004242036636294563,0.00339170631575055,0.0,0.0
2023-03-26 18:00:00,0.0,0.0,0.0,0.0037658581374274934,0.0,0.004034941470308029,0.0,0.0,0.0,0.00408871445189834,0.0,0.0,0.0,0.0,0.0,0.0,0.0,0.0,0.0,0.0
2023-03-26 19:00:00,0.0,0.0,0.0,0.0,0.0,0.0,0.0,0.0,0.0,0.0,0.0,0.0,0.0,0.0,0.0,0.0,0.0,0.0,0.0,0.0
2023-03-26 20:00:00,0.0,0.0,0.0,0.0,0.0,0.0,0.0,0.0,0.0,0.0,0.0,0.0,0.0,0.0,0.0,0.0,0.0,0.0,0.0,0.0
2023-03-26 21:00:00,0.0,0.0,0.0,0.0,0.0,0.0,0.0,0.0,0.0,0.0,0.0,0.0,0.0,0.0,0.0,0.0,0.0,0.0,0.0,0.0
2023-03-26 22:00:00,0.0,0.0,0.0,0.0,0.0,0.0,0.0,0.0,0.0,0.0,0.0,0.0,0.0,0.0,0.0,0.0,0.0,0.0,0.0,0.0
2023-03-26 23:00:00,0.0,0.0,0.0,0.0,0.0,0.0,0.0,0.0,0.0,0.0,0.0,0.0,0.0,0.0,0.0,0.0,0.0,0.0,0.0,0.0
2023-03-27 00:00:00,0.0,0.0,0.0,0.0,0.0,0.0,0.0,0.0,0.0,0.0,0.0,0.0,0.0,0.0,0.0,0.0,0.0,0.0,0.0,0.0
2023-03-27 01:00:00,0.0,0.0,0.0,0.0,0.0,0.0,0.0,0.0,0.0,0.0,0.0,0.0,0.0,0.0,0.0,0.0,0.0,0.0,0.0,0.0
2023-03-27 02:00:00,0.0,0.0,0.0,0.0,0.0,0.0,0.0,0.0,0.0,0.0,0.0,0.0,0.0,0.0,0.0,0.0,0.0,0.0,0.0,0.0
2023-03-27 03:00:00,0.0,0.0,0.0,0.0,0.0,0.0,0.0,0.0,0.0,0.0,0.0,0.0,0.0,0.0,0.0,0.0,0.0,0.0,0.0,0.0
2023-03-27 04:00:00,0.0,0.0,0.0,0.0,0.0,0.0,0.0,0.0,0.0,0.0,0.0,0.0,0.0,0.0,0.0,0.0,0.0,0.0,0.0,0.0
2023-03-27 05:00:00,0.0,0.0,0.0,0.0,0.0,0.0,0.0,0.0,0.0,0.0,0.0,0.0,0.0,0.0,0.0,0.0,0.0,0.0,0.0,0.0
2023-03-27 06:00:00,0.0,0.0,0.0028874118386681843,0.0028550357827726754,0.0,0.0,0.0,0.00285926158836639,0.0,0.0,0.0,0.0028499350293277087,0.0,0.0,0.0028061911828993753,0.0032773844658327447,0.0,0.0,0.0033581833943589845,0.0
2023-03-27 07:00:00,0.0,0.0,0.0,0.0,0.0020334159799741164,0.0,0.0,0.0,0.0,0.0026947385307028206,0.0019925288891417775,0.0,0.0,0.0,0.0,0.0,0.0,0.0,0.0,0.0024250033897620584
2023-03-27 08:00:00,0.0,0.0,0.0,0.0,0.0,0.002472980105525586,0.002399792652461479,0.0,0.0,0.0,0.0,0.0,0.0,0.0,0.0,0.0,0.0018693583144393897,0.0,0.0,0.0
2023-03-27 09:00:00,0.0024876329298263848,0.0026815776660632884,0.0,0.0,0.0,0.0,0.0,0.0,0.002305406220153361,0.0,0.0,0.0,0.0,0.00300434212273379,0.0,0.0,0.0,0.0020097652643116365,0.0,0.0
2023-03-27 10:00:00,0.0,0.0,0.0,0.0,0.0,0.0,0.0,0.0,0.0,0.0,0.0,0.0,0.0,0.0,0.0,0.0,0.0,0.0,0.0,0.0
2023-03-27 11:00:00,0.0,0.0,0.0,0.0,0.0,0.0,0.0,0.0,0.0,0.0,0.0,0.0,0.0,0.0,0.0,0.0,0.0,0.0,0.0,0.0
2023-03-27 12:00:00,0.0,0.0,0.0,0.0,0.0,0.0,0.0,0.0,0.0,0.0,0.0,0.0,0.0,0.0,0.0,0.0,0.0,0.0,0.0,0.0
2023-03-27 13:00:00,0.0,0.0,0.0,0.0,0.0,0.0,0.0,0.0,0.0,0.0,0.0,0.0,0.0,0.0,0.0,0.0,0.0,0.0,0.0,0.0
2023-03-27 14:00:00,0.0,0.0,0.0,0.0,0.0,0.0,0.0,0.0,0.0,0.0,0.0,0.0,0.0,0.0,0.0,0.0,0.0,0.0,0.0,0.0
2023-03-27 15:00:00,0.0,0.0,0.0,0.0,0.0,0.0,0.0,0.0,0.0,0.0,0.0,0.0,0.0,0.0,0.0,0.0,0.0,0.0,0.0,0.0
2023-03-27 16:00:00,0.0,0.0,0.004989785951652811,0.0,0.0,0.0,0.0,0.0046403033418322285,0.0,0.004849697963336668,0.0,0.0,0.0,0.0,0.0,0.0,0.0,0.0,0.0,0.0
2023-03-27 17:00:00,0.0033193046032325177,0.0,0.0,0.004296582976832347,0.0,0.004317943932170208,0.0,0.0,0.0,0.0,0.00303771315419884,0.0,0.0,0.004599572745372478,0.005130096797518669,0.0048762267431793965,0.003447654486643605,0.0034784852327454,0.004430258763810147,0.00391282285164993
2023-03-27 18:00:00,0.0,0.0044579393459493214,0.0,0.0,0.0026046962403885854,0.0,0.003296019331153165,0.0,0.0032316159879616927,0.0,0.0,0.003781659720045998,0.0,0.0,0.0,0.0,0.0,0.0,0.0,0.0
2023-03-27 19:00:00,0.0,0.0,0.0,0.0,0.0,0.0,0.0,0.0,0.0,0.0,0.0,0.0,0.0,0.0,0.0,0.0,0.0,0.0,0.0,0.0
2023-03-27 20:00:00,0.0,0.0,0.0,0.0,0.0,0.0,0.0,0.0,0.0,0.0,0.0,0.0,0.0,0.0,0.0,0.0,0.0,0.0,0.0,0.0
2023-03-27 21:00:00,0.0,0.0,0.0,0.0,0.0,0.0,0.0,0.0,0.0,0.0,0.0,0.0,0.0,0.0,0.0,0.0,0.0,0.0,0.0,0.0
2023-03-27 22:00:00,0.0,0.0,0.0,0.0,0.0,0.0,0.0,0.0,0.0,0.0,0.0,0.0,0.0,0.0,0.0,0.0,0.0,0.0,0.0,0.0
2023-03-27 23:00:00,0.0,0.0,0.0,0.0,0.0,0.0,0.0,0.0,0.0,0.0,0.0,0.0,0.0,0.0,0.0,0.0,0.0,0.0,0.0,0.0
2023-03-28 00:00:00,0.0,0.0,0.0,0.0,0.0,0.0,0.0,0.0,0.0,0.0,0.0,0.0,0.0,0.0,0.0,0.0,0.0,0.0,0.0,0.0
2023-03-28 01:00:00,0.0,0.0,0.0,0.0,0.0,0.0,0.0,0.0,0.0,0.0,0.0,0.0,0.0,0.0,0.0,0.0,0.0,0.0,0.0,0.0
2023-03-28 02:00:00,0.0,0.0,0.0,0.0,0.0,0.0,0.0,0.0,0.0,0.0,0.0,0.0,0.0,0.0,0.0,0.0,0.0,0.0,0.0,0.0
2023-03-28 03:00:00,0.0,0.0,0.0,0.0,0.0,0.0,0.0,0.0,0.0,0.0,0.0,0.0,0.0,0.0,0.0,0.0,0.0,0.0,0.0,0.0
2023-03-28 04:00:00,0.0,0.0,0.0,0.0,0.0,0.0,0.0,0.0,0.0,0.0,0.0,0.0,0.0,0.0,0.0,0.0,0.0,0.0,0.0,0.0
2023-03-28 05:00:00,0.0,0.0,0.0,0.0,0.0,0.0,0.0,0.0,0.0,0.0,0.0,0.0,0.0,0.0,0.0,0.0,0.0,0.0,0.0,0.0
2023-03-28 06:00:00,0.0,0.0,0.0,0.0,0.0,0.0,0.0,0.0,0.001994459464048226,0.0,0.0,0.0,0.0,0.0,0.0,0.0035754186296107727,0.0,0.0,0.0,0.0024793450667594647
2023-03-28 07:00:00,0.0023575374804664737,0.0021782388034329715,0.0,0.0,0.0,0.0,0.0025863285150033236,0.0,0.0,0.0023861601749903642,0.0,0.0,0.0,0.0033422421797395306,0.0,0.0,0.0024899945506876926,0.0027850069500678274,0.002531943807393879,0.0
2023-03-28 08:00:00,0.0,0.0,0.0020998075828907625,0.0,0.0,0.0,0.0,0.0,0.0,0.0,0.0019056877558091226,0.002594562679802436,0.0,0.0,0.004357258284310718,0.0,0.0,0.0,0.0,0.0
2023-03-28 09:00:00,0.0,0.0,0.0,0.0027107590491812815,0.0017725513967010947,0.0019452038319821212,0.0,0.002444880415653884,0.0,0.0,0.0,0.0,0.0,0.0,0.0,0.0,0.0,0.0,0.0,0.0
2023-03-28 10:00:00,0.0,0.0,0.0,0.0,0.0,0.0,0.0,0.0,0.0,0.0,0.0,0.0,0.0,0.0,0.0,0.0,0.0,0.0,0.0,0.0
2023-03-28 11:00:00,0.0,0.0,0.0,0.0,0.0,0.0,0.0,0.0,0.0,0.0,0.0,0.0,0.0,0.0,0.0,0.0,0.0,0.0,0.0,0.0
2023-03-28 12:00:00,0.0,0.0,0.0,0.0,0.0,0.0,0.0,0.0,0.0,0.0,0.0,0.0,0.0,0.0,0.0,0.0,0.0,0.0,0.0,0.0
2023-03-28 13:00:00,0.0,0.0,0.0,0.0,0.0,0.0,0.0,0.0,0.0,0.0,0.0,0.0,0.0,0.0,0.0,0.0,0.0,0.0,0.0,0.0
2023-03-28 14:00:00,0.0,0.0,0.0,0.0,0.0,0.0,0.0,0.0,0.0,0.0,0.0,0.0,0.0,0.0,0.0,0.0,0.0,0.0,0.0,0.0
2023-03-28 15:00:00,0.0,0.0,0.0,0.0,0.0,0.0,0.0,0.0,0.0,0.0,0.0,0.0,0.0,0.0,0.0,0.0,0.0,0.0,0.0,0.0
2023-03-28 16:00:00,0.0031072894564812986,0.0,0.003708001444143306,0.004778076752968915,0.003162551841626139,0.0,0.0,0.003849051004547037,0.0028751666225580457,0.003501380112006469,0.0,0.003475532745043124,0.0,0.0,0.005415211111651509,0.0,0.0,0.0,0.0,0.003341201482128046
2023-03-28 17:00:00,0.0,0.003966454356154694,0.0,0.0,0.0,0.0,0.0,0.0,0.0,0.0,0.0,0.0,0.0,0.004694402098928681,0.0,0.0043791216904244075,0.0038825767736975257,0.0,0.0,0.0
2023-03-28 18:00:00,0.0,0.0,0.0,0.0,0.0,0.0034882516259298513,0.003514320909889377,0.0,0.0,0.0,0.0028911694830345757,0.0,0.0,0.0,0.0,0.0,0.0,0.004719860176408177,0.0044219831994940905,0.0
2023-03-28 19:00:00,0.0,0.0,0.0,0.0,0.0,0.0,0.0,0.0,0.0,0.0,0.0,0.0,0.0,0.0,0.0,0.0,0.0,0.0,0.0,0.0
2023-03-28 20:00:00,0.0,0.0,0.0,0.0,0.0,0.0,0.0,0.0,0.0,0.0,0.0,0.0,0.0,0.0,0.0,0.0,0.0,0.0,0.0,0.0
2023-03-28 21:00:00,0.0,0.0,0.0,0.0,0.0,0.0,0.0,0.0,0.0,0.0,0.0,0.0,0.0,0.0,0.0,0.0,0.0,0.0,0.0,0.0
2023-03-28 22:00:00,0.0,0.0,0.0,0.0,0.0,0.0,0.0,0.0,0.0,0.0,0.0,0.0,0.0,0.0,0.0,0.0,0.0,0.0,0.0,0.0
2023-03-28 23:00:00,0.0,0.0,0.0,0.0,0.0,0.0,0.0,0.0,0.0,0.0,0.0,0.0,0.0,0.0,0.0,0.0,0.0,0.0,0.0,0.0
2023-03-29 00:00:00,0.0,0.0,0.0,0.0,0.0,0.0,0.0,0.0,0.0,0.0,0.0,0.0,0.0,0.0,0.0,0.0,0.0,0.0,0.0,0.0
2023-03-29 01:00:00,0.0,0.0,0.0,0.0,0.0,0.0,0.0,0.0,0.0,0.0,0.0,0.0,0.0,0.0,0.0,0.0,0.0,0.0,0.0,0.0
2023-03-29 02:00:00,0.0,0.0,0.0,0.0,0.0,0.0,0.0,0.0,0.0,0.0,0.0,0.0,0.0,0.0,0.0,0.0,0.0,0.0,0.0,0.0
2023-03-29 03:00:00,0.0,0.0,0.0,0.0,0.0,0.0,0.0,0.0,0.0,0.0,0.0,0.0,0.0,0.0,0.0,0.0,0.0,0.0,0.0,0.0
2023-03-29 04:00:00,0.0,0.0,0.0,0.0,0.0,0.0,0.0,0.0,0.0,0.0,0.0,0.0,0.0,0.0,0.0,0.0,0.0,0.0,0.0,0.0
2023-03-29 05:00:00,0.0,0.0,0.0,0.0,0.0,0.0,0.0,0.0,0.0,0.0,0.0,0.0,0.0,0.0,0.0,0.0,0.0,0.0,0.0,0.0
2023-03-29 06:00:00,0.0,0.0037305038736611144,0.0,0.0,0.0,0.0,0.0016291199411506462,0.0,0.0,0.0,0.0015895529006775904,0.0,0.0,0.00291353078598893,0.0,0.0,0.0,0.003343250568263414,0.0,0.002804704807572569
2023-03-29 07:00:00,0.0,0.0,0.0,0.0,0.0,0.0,0.0,0.0,0.0,0.0029931090808585975,0.0,0.0030521688104535247,0.0,0.0,0.0,0.0,0.0,0.0,0.0,0.0
2023-03-29 08:00:00,0.0,0.0,0.0,0.002217704403604465,0.002678973963785039,0.0,0.0,0.0,0.002602946681063724,0.0,0.0,0.0,0.0,0.0,0.0033581437524613433,0.0,0.0,0.0,0.0,0.0
2023-03-29 09:00:00,0.00164909346399612,0.0,0.0020368307262250405,0.0,0.0,0.0021938603580947016,0.0,0.0029813142379667237,0.0,0.0,0.0,0.0,0.0,0.0,0.0,0.0031724328797522057,0.0028276295848689956,0.0,0.0034616586230284212,0.0
2023-03-29 10:00:00,0.0,0.0,0.0,0.0,0.0,0.0,0.0,0.0,0.0,0.0,0.0,0.0,0.0,0.0,0.0,0.0,0.0,0.0,0.0,0.0
2023-03-29 11:00:00,0.0,0.0,0.0,0.0,0.0,0.0,0.0,0.0,0.0,0.0,0.0,0.0,0.0,0.0,0.0,0.0,0.0,0.0,0.0,0.0
2023-03-29 12:00:00,0.0,0.0,0.0,0.0,0.0,0.0,0.0,0.0,0.0,0.0,0.0,0.0,0.0,0.0,0.0,0.0,0.0,0.0,0.0,0.0
2023-03-29 13:00:00,0.0,0.0,0.0,0.0,0.0,0.0,0.0,0.0,0.0,0.0,0.0,0.0,0.0,0.0,0.0,0.0,0.0,0.0,0.0,0.0
2023-03-29 14:00:00,0.0,0.0,0.0,0.0,0.0,0.0,0.0,0.0,0.0,0.0,0.0,0.0,0.0,0.0,0.0,0.0,0.0,0.0,0.0,0.0
2023-03-29 15:00:00,0.0,0.0,0.0,0.0,0.0,0.0,0.0,0.0,0.0,0.0,0.0,0.0,0.0,0.0,0.0,0.0,0.0,0.0,0.0,0.0
2023-03-29 16:00:00,0.0,0.0,0.0035061065707469637,0.0,0.0,0.0033331733039540247,0.0,0.005061031911915728,0.0,0.0,0.0,0.003732524993861785,0.0,0.0,0.0,0.004916863699953308,0.003692734482928121,0.004345244890974037,0.0043667874636132455,0.0
2023-03-29 17:00:00,0.0,0.0,0.0,0.0031160553945675626,0.0,0.0,0.002733189892666658,0.0,0.004331468146136416,0.004277443146816554,0.0,0.0,0.0,0.004662482547089796,0.0,0.0,0.0,0.0,0.0,0.0
2023-03-29 18:00:00,0.0029444204053143243,0.00476398159849739,0.0,0.0,0.004088571631073513,0.0,0.0,0.0,0.0,0.0,0.002733131627244457,0.0,0.0,0.0,0.005474974207774277,0.0,0.0,0.0,0.0,0.004206689727846356
2023-03-29 19:00:00,0.0,0.0,0.0,0.0,0.0,0.0,0.0,0.0,0.0,0.0,0.0,0.0,0.0,0.0,0.0,0.0,0.0,0.0,0.0,0.0
2023-03-29 20:00:00,0.0,0.0,0.0,0.0,0.0,0.0,0.0,0.0,0.0,0.0,0.0,0.0,0.0,0.0,0.0,0.0,0.0,0.0,0.0,0.0
2023-03-29 21:00:00,0.0,0.0,0.0,0.0,0.0,0.0,0.0,0.0,0.0,0.0,0.0,0.0,0.0,0.0,0.0,0.0,0.0,0.0,0.0,0.0
2023-03-29 22:00:00,0.0,0.0,0.0,0.0,0.0,0.0,0.0,0.0,0.0,0.0,0.0,0.0,0.0,0.0,0.0,0.0,0.0,0.0,0.0,0.0
2023-03-29 23:00:00,0.0,0.0,0.0,0.0,0.0,0.0,0.0,0.0,0.0,0.0,0.0,0.0,0.0,0.0,0.0,0.0,0.0,0.0,0.0,0.0
2023-03-30 00:00:00,0.0,0.0,0.0,0.0,0.0,0.0,0.0,0.0,0.0,0.0,0.0,0.0,0.0,0.0,0.0,0.0,0.0,0.0,0.0,0.0
2023-03-30 01:00:00,0.0,0.0,0.0,0.0,0.0,0.0,0.0,0.0,0.0,0.0,0.0,0.0,0.0,0.0,0.0,0.0,0.0,0.0,0.0,0.0
2023-03-30 02:00:00,0.0,0.0,0.0,0.0,0.0,0.0,0.0,0.0,0.0,0.0,0.0,0.0,0.0,0.0,0.0,0.0,0.0,0.0,0.0,0.0
2023-03-30 03:00:00,0.0,0.0,0.0,0.0,0.0,0.0,0.0,0.0,0.0,0.0,0.0,0.0,0.0,0.0,0.0,0.0,0.0,0.0,0.0,0.0
2023-03-30 04:00:00,0.0,0.0,0.0,0.0,0.0,0.0,0.0,0.0,0.0,0.0,0.0,0.0,0.0,0.0,0.0,0.0,0.0,0.0,0.0,0.0
2023-03-30 05:00:00,0.0,0.0,0.0,0.0,0.0,0.0,0.0,0.0,0.0,0.0,0.0,0.0,0.0,0.0,0.0,0.0,0.0,0.0,0.0,0.0
2023-03-30 06:00:00,0.0,0.003605315305967866,0.0,0.0,0.0,0.0,0.0,0.0027949080707960015,0.0,0.0,0.0,0.0,0.0,0.0,0.0,0.0,0.002440560467526263,0.0,0.0021712629284716335,0.0
2023-03-30 07:00:00,0.0,0.0,0.0,0.0,0.0024382345086279007,0.0,0.0,0.0,0.0,0.0020763088806263048,0.0,0.0023985873455050623,0.0,0.0,0.0,0.0,0.0,0.0,0.0,0.0
2023-03-30 08:00:00,0.0,0.0,0.0,0.0029565453613443564,0.0,0.0,0.0,0.0,0.0,0.0,0.0,0.0,0.0,0.0025068482418517156,0.0,0.0031556310518601745,0.0,0.002415112079207444,0.0,0.0
2023-03-30 09:00:00,0.0020469598532585898,0.0,0.0029213703379945104,0.0,0.0,0.0021827564848669015,0.002132502684361158,0.0,0.002400602312165271,0.0,0.0018591086639134459,0.0,0.0,0.0,0.0029615270950214064,0.0,0.0,0.0,0.0,0.0030934499656438733
2023-03-30 10:00:00,0.0,0.0,0.0,0.0,0.0,0.0,0.0,0.0,0.0,0.0,0.0,0.0,0.0,0.0,0.0,0.0,0.0,0.0,0.0,0.0
2023-03-30 11:00:00,0.0,0.0,0.0,0.0,0.0,0.0,0.0,0.0,0.0,0.0,0.0,0.0,0.0,0.0,0.0,0.0,0.0,0.0,0.0,0.0
2023-03-30 12:00:00,0.0,0.0,0.0,0.0,0.0,0.0,0.0,0.0,0.0,0.0,0.0,0.0,0.0,0.0,0.0,0.0,0.0,0.0,0.0,0.0
2023-03-30 13:00:00,0.0,0.0,0.0,0.0,0.0,0.0,0.0,0.0,0.0,0.0,0.0,0.0,0.0,0.0,0.0,0.0,0.0,0.0,0.0,0.0
2023-03-30 14:00:00,0.0,0.0,0.0,0.0,0.0,0.0,0.0,0.0,0.0,0.0,0.0,0.0,0.0,0.0,0.0,0.0,0.0,0.0,0.0,0.0
2023-03-30 15:00:00,0.0,0.0,0.0,0.0,0.0,0.0,0.0,0.0,0.0,0.0,0.0,0.0,0.0,0.0,0.0,0.0,0.0,0.0,0.0,0.0
2023-03-30 16:00:00,0.0,0.0,0.0,0.0,0.0035489637908684684,0.002770057589876747,0.0,0.004341131342470328,0.0,0.003455712306815291,0.0,0.0,0.0,0.0,0.0,0.0,0.0,0.0031147204579262604,0.003678403572728585,0.0037826732058661833
2023-03-30 17:00:00,0.0035438839212477867,0.004600805313300206,0.004066359437066044,0.0041313983857019015,0.0,0.0,0.003952538286775563,0.0,0.0,0.0,0.0033922343201772762,0.00371588992116691,0.0,0.0,0.0,0.005309117692408895,0.0,0.0,0.0,0.0
2023-03-30 18:00:00,0.0,0.0,0.0,0.0,0.0,0.0,0.0,0.0,0.0037608446181154687,0.0,0.0,0.0,0.0,0.004331137066110807,0.0037147829780682395,0.0,0.0032444095697498412,0.0,0.0,0.0
2023-03-30 19:00:00,0.0,0.0,0.0,0.0,0.0,0.0,0.0,0.0,0.0,0.0,0.0,0.0,0.0,0.0,0.0,0.0,0.0,0.0,0.0,0.0
2023-03-30 20:00:00,0.0,0.0,0.0,0.0,0.0,0.0,0.0,0.0,0.0,0.0,0.0,0.0,0.0,0.0,0.0,0.0,0.0,0.0,0.0,0.0
2023-03-30 21:00:00,0.0,0.0,0.0,0.0,0.0,0.0,0.0,0.0,0.0,0.0,0.0,0.0,0.0,0.0,0.0,0.0,0.0,0.0,0.0,0.0
2023-03-30 22:00:00,0.0,0.0,0.0,0.0,0.0,0.0,0.0,0.0,0.0,0.0,0.0,0.0,0.0,0.0,0.0,0.0,0.0,0.0,0.0,0.0
2023-03-30 23:00:00,0.0,0.0,0.0,0.0,0.0,0.0,0.0,0.0,0.0,0.0,0.0,0.0,0.0,0.0,0.0,0.0,0.0,0.0,0.0,0.0
2023-03-31 00:00:00,0.0,0.0,0.0,0.0,0.0,0.0,0.0,0.0,0.0,0.0,0.0,0.0,0.0,0.0,0.0,0.0,0.0,0.0,0.0,0.0
2023-03-31 01:00:00,0.0,0.0,0.0,0.0,0.0,0.0,0.0,0.0,0.0,0.0,0.0,0.0,0.0,0.0,0.0,0.0,0.0,0.0,0.0,0.0
2023-03-31 02:00:00,0.0,0.0,0.0,0.0,0.0,0.0,0.0,0.0,0.0,0.0,0.0,0.0,0.0,0.0,0.0,0.0,0.0,0.0,0.0,0.0
2023-03-31 03:00:00,0.0,0.0,0.0,0.0,0.0,0.0,0.0,0.0,0.0,0.0,0.0,0.0,0.0,0.0,0.0,0.0,0.0,0.0,0.0,0.0
2023-03-31 04:00:00,0.0,0.0,0.0,0.0,0.0,0.0,0.0,0.0,0.0,0.0,0.0,0.0,0.0,0.0,0.0,0.0,0.0,0.0,0.0,0.0
2023-03-31 05:00:00,0.0,0.0,0.0,0.0,0.0,0.0,0.0,0.0,0.0,0.0,0.0,0.0,0.0,0.0,0.0,0.0,0.0,0.0,0.0,0.0
2023-03-31 06:00:00,0.0,0.0,0.0,0.0,0.0,0.0019228529908373439,0.0,0.0027465052813372367,0.0,0.0,0.0,0.0,0.0,0.0,0.0024607738573969905,0.0030002792150555717,0.0033458430355619607,0.0,0.002041878951751231,0.0
2023-03-31 07:00:00,0.002051090630845077,0.0028085278635971555,0.0,0.0,0.0025432223353631764,0.0,0.0,0.0,0.002674832448539055,0.0,0.002268066637906277,0.0,0.0,0.0,0.0,0.0,0.0,0.0,0.0,0.0
2023-03-31 08:00:00,0.0,0.0,0.00250326882383231,0.0031563449745294174,0.0,0.0,0.0,0.0,0.0,0.002975862041165653,0.0,0.0037305765749539237,0.0,0.0,0.0,0.0,0.0,0.0030086553348270205,0.0,0.002069507760087466
2023-03-31 09:00:00,0.0,0.0,0.0,0.0,0.0,0.0,0.002011887180363414,0.0,0.0,0.0,0.0,0.0,0.0,0.0028970598575141985,0.0,0.0,0.0,0.0,0.0,0.0
2023-03-31 10:00:00,0.0,0.0,0.0,0.0,0.0,0.0,0.0,0.0,0.0,0.0,0.0,0.0,0.0,0.0,0.0,0.0,0.0,0.0,0.0,0.0
2023-03-31 11:00:00,0.0,0.0,0.0,0.0,0.0,0.0,0.0,0.0,0.0,0.0,0.0,0.0,0.0,0.0,0.0,0.0,0.0,0.0,0.0,0.0
2023-03-31 12:00:00,0.0,0.0,0.0,0.0,0.0,0.0,0.0,0.0,0.0,0.0,0.0,0.0,0.0,0.0,0.0,0.0,0.0,0.0,0.0,0.0
2023-03-31 13:00:00,0.0,0.0,0.0,0.0,0.0,0.0,0.0,0.0,0.0,0.0,0.0,0.0,0.0,0.0,0.0,0.0,0.0,0.0,0.0,0.0
2023-03-31 14:00:00,0.0,0.0,0.0,0.0,0.0,0.0,0.0,0.0,0.0,0.0,0.0,0.0,0.0,0.0,0.0,0.0,0.0,0.0,0.0,0.0
2023-03-31 15:00:00,0.0,0.0,0.0,0.0,0.0,0.0,0.0,0.0,0.0,0.0,0.0,0.0,0.0,0.0,0.0,0.0,0.0,0.0,0.0,0.0
2023-03-31 16:00:00,0.0,0.0,0.0,0.004248514075503925,0.0,0.0,0.0,0.003548827050284688,0.0,0.0,0.0,0.004595077258993376,0.0,0.0,0.0,0.0,0.0,0.004053970776982875,0.0,0.003448542321672096
2023-03-31 17:00:00,0.002836740724993861,0.003765722348051548,0.0,0.0,0.004147104165620368,0.00314788252077675,0.0036881440569930435,0.0,0.0,0.0,0.0,0.0,0.0,0.00490218489106756,0.0,0.0036946996994342966,0.0,0.0,0.0,0.0
2023-03-31 18:00:00,0.0,0.0,0.0037478297473028943,0.0,0.0,0.0,0.0,0.0,0.0039021858958710877,0.00431036718778106,0.00306903967983937,0.0,0.0,0.0,0.0044518533517631164,0.0,0.0043054497940758696,0.0,0.0036755806829737933,0.0
2023-03-31 19:00:00,0.0,0.0,0.0,0.0,0.0,0.0,0.0,0.0,0.0,0.0,0.0,0.0,0.0,0.0,0.0,0.0,0.0,0.0,0.0,0.0
2023-03-31 20:00:00,0.0,0.0,0.0,0.0,0.0,0.0,0.0,0.0,0.0,0.0,0.0,0.0,0.0,0.0,0.0,0.0,0.0,0.0,0.0,0.0
2023-03-31 21:00:00,0.0,0.0,0.0,0.0,0.0,0.0,0.0,0.0,0.0,0.0,0.0,0.0,0.0,0.0,0.0,0.0,0.0,0.0,0.0,0.0
2023-03-31 22:00:00,0.0,0.0,0.0,0.0,0.0,0.0,0.0,0.0,0.0,0.0,0.0,0.0,0.0,0.0,0.0,0.0,0.0,0.0,0.0,0.0
2023-03-31 23:00:00,0.0,0.0,0.0,0.0,0.0,0.0,0.0,0.0,0.0,0.0,0.0,0.0,0.0,0.0,0.0,0.0,0.0,0.0,0.0,0.0
